Rc files read:
  /etc/LatexMk
Latexmk: This is Latexmk, John Collins, 31 Jan. 2024. Version 4.83.
No existing .aux file, so I'll make a simple one, and require run of *latex.
Latexmk: applying rule 'xelatex'...
Rule 'xelatex':  Reasons for rerun
Category 'other':
  Rerun of 'xelatex' forced or previously required:
    Reason or flag: 'Initial setup'

------------
Run number 1 of rule 'xelatex'
------------
------------
Running 'xelatex -no-pdf -interaction=nonstopmode -recorder  "main.tex"'
------------
This is XeTeX, Version 3.141592653-2.6-0.999995 (TeX Live 2023/Debian) (preloaded format=xelatex)
 restricted \write18 enabled.
entering extended mode
(./main.tex
LaTeX2e <2023-11-01> patch level 1
L3 programming layer <2024-01-22>
(./ntuthesis.cls
Document Class: ntuthesis 2020/05/01 v2.0 NTU Thesis Template
(/usr/share/texlive/texmf-dist/tex/generic/kvdefinekeys/kvdefinekeys.sty)
(/usr/share/texlive/texmf-dist/tex/latex/kvsetkeys/kvsetkeys.sty)
(/usr/share/texlive/texmf-dist/tex/latex/kvoptions/kvoptions.sty
(/usr/share/texlive/texmf-dist/tex/latex/graphics/keyval.sty)
(/usr/share/texlive/texmf-dist/tex/generic/ltxcmds/ltxcmds.sty))
(/usr/share/texlive/texmf-dist/tex/generic/iftex/iftex.sty)
(/usr/share/texlive/texmf-dist/tex/latex/base/ifthen.sty)
(/usr/share/texlive/texmf-dist/tex/latex/base/report.cls
Document Class: report 2023/05/17 v1.4n Standard LaTeX document class
(/usr/share/texlive/texmf-dist/tex/latex/base/size12.clo))
(/usr/share/texlive/texmf-dist/tex/latex/l3packages/xparse/xparse.sty
(/usr/share/texlive/texmf-dist/tex/latex/l3kernel/expl3.sty
(/usr/share/texlive/texmf-dist/tex/latex/l3backend/l3backend-xetex.def)))
(/usr/share/texlive/texmf-dist/tex/xelatex/xecjk/xeCJK.sty
(/usr/share/texlive/texmf-dist/tex/latex/ctex/ctexhook.sty)
(/usr/share/texlive/texmf-dist/tex/latex/l3packages/xtemplate/xtemplate.sty)
(/usr/share/texlive/texmf-dist/tex/latex/fontspec/fontspec.sty
(/usr/share/texlive/texmf-dist/tex/latex/fontspec/fontspec-xetex.sty
(/usr/share/texlive/texmf-dist/tex/latex/base/fontenc.sty)
(/usr/share/texlive/texmf-dist/tex/latex/fontspec/fontspec.cfg)))
(/usr/share/texlive/texmf-dist/tex/xelatex/xecjk/xeCJK.cfg))
(/usr/share/texlive/texmf-dist/tex/latex/tools/indentfirst.sty)
(/usr/share/texlive/texmf-dist/tex/latex/xcolor/xcolor.sty
(/usr/share/texlive/texmf-dist/tex/latex/graphics-cfg/color.cfg)
(/usr/share/texlive/texmf-dist/tex/latex/graphics-def/xetex.def)
(/usr/share/texlive/texmf-dist/tex/latex/graphics/mathcolor.ltx))
(/usr/share/texlive/texmf-dist/tex/latex/titlesec/titlesec.sty)
(/usr/share/texlive/texmf-dist/tex/latex/titlesec/titletoc.sty)
(/usr/share/texlive/texmf-dist/tex/latex/tocloft/tocloft.sty)
(/usr/share/texlive/texmf-dist/tex/latex/fancyhdr/fancyhdr.sty)
(/usr/share/texlive/texmf-dist/tex/latex/setspace/setspace.sty)
(/usr/share/texlive/texmf-dist/tex/latex/graphics/graphicx.sty
(/usr/share/texlive/texmf-dist/tex/latex/graphics/graphics.sty
(/usr/share/texlive/texmf-dist/tex/latex/graphics/trig.sty)
(/usr/share/texlive/texmf-dist/tex/latex/graphics-cfg/graphics.cfg)))
(/usr/share/texlive/texmf-dist/tex/latex/eso-pic/eso-pic.sty)
(/usr/share/texlive/texmf-dist/tex/latex/pgf/frontendlayer/tikz.sty
(/usr/share/texlive/texmf-dist/tex/latex/pgf/basiclayer/pgf.sty
(/usr/share/texlive/texmf-dist/tex/latex/pgf/utilities/pgfrcs.sty
(/usr/share/texlive/texmf-dist/tex/generic/pgf/utilities/pgfutil-common.tex)
(/usr/share/texlive/texmf-dist/tex/generic/pgf/utilities/pgfutil-latex.def)
(/usr/share/texlive/texmf-dist/tex/generic/pgf/utilities/pgfrcs.code.tex
(/usr/share/texlive/texmf-dist/tex/generic/pgf/pgf.revision.tex)))
(/usr/share/texlive/texmf-dist/tex/latex/pgf/basiclayer/pgfcore.sty
(/usr/share/texlive/texmf-dist/tex/latex/pgf/systemlayer/pgfsys.sty
(/usr/share/texlive/texmf-dist/tex/generic/pgf/systemlayer/pgfsys.code.tex
(/usr/share/texlive/texmf-dist/tex/generic/pgf/utilities/pgfkeys.code.tex
(/usr/share/texlive/texmf-dist/tex/generic/pgf/utilities/pgfkeyslibraryfiltered
.code.tex)) (/usr/share/texlive/texmf-dist/tex/generic/pgf/systemlayer/pgf.cfg)
(/usr/share/texlive/texmf-dist/tex/generic/pgf/systemlayer/pgfsys-xetex.def
(/usr/share/texlive/texmf-dist/tex/generic/pgf/systemlayer/pgfsys-dvipdfmx.def
(/usr/share/texlive/texmf-dist/tex/generic/pgf/systemlayer/pgfsys-common-pdf.de
f))))
(/usr/share/texlive/texmf-dist/tex/generic/pgf/systemlayer/pgfsyssoftpath.code.
tex)
(/usr/share/texlive/texmf-dist/tex/generic/pgf/systemlayer/pgfsysprotocol.code.
tex))
(/usr/share/texlive/texmf-dist/tex/generic/pgf/basiclayer/pgfcore.code.tex
(/usr/share/texlive/texmf-dist/tex/generic/pgf/math/pgfmath.code.tex
(/usr/share/texlive/texmf-dist/tex/generic/pgf/math/pgfmathutil.code.tex)
(/usr/share/texlive/texmf-dist/tex/generic/pgf/math/pgfmathparser.code.tex)
(/usr/share/texlive/texmf-dist/tex/generic/pgf/math/pgfmathfunctions.code.tex)
(/usr/share/texlive/texmf-dist/tex/generic/pgf/math/pgfmathfunctions.basic.code
.tex)
(/usr/share/texlive/texmf-dist/tex/generic/pgf/math/pgfmathfunctions.trigonomet
ric.code.tex)
(/usr/share/texlive/texmf-dist/tex/generic/pgf/math/pgfmathfunctions.random.cod
e.tex)
(/usr/share/texlive/texmf-dist/tex/generic/pgf/math/pgfmathfunctions.comparison
.code.tex)
(/usr/share/texlive/texmf-dist/tex/generic/pgf/math/pgfmathfunctions.base.code.
tex)
(/usr/share/texlive/texmf-dist/tex/generic/pgf/math/pgfmathfunctions.round.code
.tex)
(/usr/share/texlive/texmf-dist/tex/generic/pgf/math/pgfmathfunctions.misc.code.
tex)
(/usr/share/texlive/texmf-dist/tex/generic/pgf/math/pgfmathfunctions.integerari
thmetics.code.tex)
(/usr/share/texlive/texmf-dist/tex/generic/pgf/math/pgfmathcalc.code.tex)
(/usr/share/texlive/texmf-dist/tex/generic/pgf/math/pgfmathfloat.code.tex))
(/usr/share/texlive/texmf-dist/tex/generic/pgf/math/pgfint.code.tex)
(/usr/share/texlive/texmf-dist/tex/generic/pgf/basiclayer/pgfcorepoints.code.te
x)
(/usr/share/texlive/texmf-dist/tex/generic/pgf/basiclayer/pgfcorepathconstruct.
code.tex)
(/usr/share/texlive/texmf-dist/tex/generic/pgf/basiclayer/pgfcorepathusage.code
.tex)
(/usr/share/texlive/texmf-dist/tex/generic/pgf/basiclayer/pgfcorescopes.code.te
x)
(/usr/share/texlive/texmf-dist/tex/generic/pgf/basiclayer/pgfcoregraphicstate.c
ode.tex)
(/usr/share/texlive/texmf-dist/tex/generic/pgf/basiclayer/pgfcoretransformation
s.code.tex)
(/usr/share/texlive/texmf-dist/tex/generic/pgf/basiclayer/pgfcorequick.code.tex
)
(/usr/share/texlive/texmf-dist/tex/generic/pgf/basiclayer/pgfcoreobjects.code.t
ex)
(/usr/share/texlive/texmf-dist/tex/generic/pgf/basiclayer/pgfcorepathprocessing
.code.tex)
(/usr/share/texlive/texmf-dist/tex/generic/pgf/basiclayer/pgfcorearrows.code.te
x)
(/usr/share/texlive/texmf-dist/tex/generic/pgf/basiclayer/pgfcoreshade.code.tex
)
(/usr/share/texlive/texmf-dist/tex/generic/pgf/basiclayer/pgfcoreimage.code.tex
)
(/usr/share/texlive/texmf-dist/tex/generic/pgf/basiclayer/pgfcoreexternal.code.
tex)
(/usr/share/texlive/texmf-dist/tex/generic/pgf/basiclayer/pgfcorelayers.code.te
x)
(/usr/share/texlive/texmf-dist/tex/generic/pgf/basiclayer/pgfcoretransparency.c
ode.tex)
(/usr/share/texlive/texmf-dist/tex/generic/pgf/basiclayer/pgfcorepatterns.code.
tex)
(/usr/share/texlive/texmf-dist/tex/generic/pgf/basiclayer/pgfcorerdf.code.tex))
)
(/usr/share/texlive/texmf-dist/tex/generic/pgf/modules/pgfmoduleshapes.code.tex
) (/usr/share/texlive/texmf-dist/tex/generic/pgf/modules/pgfmoduleplot.code.tex
)
(/usr/share/texlive/texmf-dist/tex/latex/pgf/compatibility/pgfcomp-version-0-65
.sty)
(/usr/share/texlive/texmf-dist/tex/latex/pgf/compatibility/pgfcomp-version-1-18
.sty)) (/usr/share/texlive/texmf-dist/tex/latex/pgf/utilities/pgffor.sty
(/usr/share/texlive/texmf-dist/tex/latex/pgf/utilities/pgfkeys.sty
(/usr/share/texlive/texmf-dist/tex/generic/pgf/utilities/pgfkeys.code.tex))
(/usr/share/texlive/texmf-dist/tex/latex/pgf/math/pgfmath.sty
(/usr/share/texlive/texmf-dist/tex/generic/pgf/math/pgfmath.code.tex))
(/usr/share/texlive/texmf-dist/tex/generic/pgf/utilities/pgffor.code.tex))
(/usr/share/texlive/texmf-dist/tex/generic/pgf/frontendlayer/tikz/tikz.code.tex

(/usr/share/texlive/texmf-dist/tex/generic/pgf/libraries/pgflibraryplothandlers
.code.tex)
(/usr/share/texlive/texmf-dist/tex/generic/pgf/modules/pgfmodulematrix.code.tex
)
(/usr/share/texlive/texmf-dist/tex/generic/pgf/frontendlayer/tikz/libraries/tik
zlibrarytopaths.code.tex)))
(/usr/share/texlive/texmf-dist/tex/latex/pdfpages/pdfpages.sty
(/usr/share/texlive/texmf-dist/tex/latex/tools/calc.sty)
(/usr/share/texlive/texmf-dist/tex/latex/pdfpages/ppxetex.def))
(/usr/share/texlive/texmf-dist/tex/latex/tools/tabularx.sty
(/usr/share/texlive/texmf-dist/tex/latex/tools/array.sty))
(/usr/share/texlive/texmf-dist/tex/latex/booktabs/booktabs.sty)
(/usr/share/texlive/texmf-dist/tex/latex/multirow/multirow.sty)
(/usr/share/texlive/texmf-dist/tex/latex/diagbox/diagbox.sty
(/usr/share/texlive/texmf-dist/tex/latex/pict2e/pict2e.sty
(/usr/share/texlive/texmf-dist/tex/latex/pict2e/pict2e.cfg)
(/usr/share/texlive/texmf-dist/tex/latex/pict2e/p2e-xetex.def)))
(/usr/share/texlive/texmf-dist/tex/latex/tools/longtable.sty)
(/usr/share/texlive/texmf-dist/tex/latex/datetime/datetime.sty
(/usr/share/texlive/texmf-dist/tex/latex/etoolbox/etoolbox.sty)
(/usr/share/texlive/texmf-dist/tex/latex/fmtcount/fmtcount.sty
(/usr/share/texlive/texmf-dist/tex/latex/xkeyval/xkeyval.sty
(/usr/share/texlive/texmf-dist/tex/generic/xkeyval/xkeyval.tex
(/usr/share/texlive/texmf-dist/tex/generic/xkeyval/xkvutils.tex)))
(/usr/share/texlive/texmf-dist/tex/latex/fmtcount/fcprefix.sty
(/usr/share/texlive/texmf-dist/tex/latex/fmtcount/fcnumparser.sty))
(/usr/share/texlive/texmf-dist/tex/latex/amsmath/amsgen.sty))
(/usr/share/texlive/texmf-dist/tex/latex/datetime/datetime-defaults.sty))
(/usr/share/texmf/tex/latex/CJK/CJKnumb.sty)
(/usr/share/texlive/texmf-dist/tex/latex/fp/fp.sty
`Fixed Point Package', Version 0.8, April 2, 1995 (C) Michael Mehlich
(/usr/share/texlive/texmf-dist/tex/latex/fp/defpattern.sty)
(/usr/share/texlive/texmf-dist/tex/latex/fp/fp-basic.sty)
(/usr/share/texlive/texmf-dist/tex/latex/fp/fp-addons.sty)
(/usr/share/texlive/texmf-dist/tex/latex/fp/fp-snap.sty)
(/usr/share/texlive/texmf-dist/tex/latex/fp/fp-exp.sty)
(/usr/share/texlive/texmf-dist/tex/latex/fp/fp-trigo.sty)
(/usr/share/texlive/texmf-dist/tex/latex/fp/fp-pas.sty)
(/usr/share/texlive/texmf-dist/tex/latex/fp/fp-random.sty)
(/usr/share/texlive/texmf-dist/tex/latex/fp/fp-eqn.sty)
(/usr/share/texlive/texmf-dist/tex/latex/fp/fp-upn.sty)
(/usr/share/texlive/texmf-dist/tex/latex/fp/fp-eval.sty))
(/usr/share/texlive/texmf-dist/tex/latex/hyperref/hyperref.sty
(/usr/share/texlive/texmf-dist/tex/generic/pdfescape/pdfescape.sty
(/usr/share/texlive/texmf-dist/tex/generic/pdftexcmds/pdftexcmds.sty
(/usr/share/texlive/texmf-dist/tex/generic/infwarerr/infwarerr.sty)))
(/usr/share/texlive/texmf-dist/tex/latex/hycolor/hycolor.sty)
(/usr/share/texlive/texmf-dist/tex/latex/auxhook/auxhook.sty)
(/usr/share/texlive/texmf-dist/tex/latex/hyperref/nameref.sty
(/usr/share/texlive/texmf-dist/tex/latex/refcount/refcount.sty)
(/usr/share/texlive/texmf-dist/tex/generic/gettitlestring/gettitlestring.sty))
(/usr/share/texlive/texmf-dist/tex/latex/hyperref/pd1enc.def)
(/usr/share/texlive/texmf-dist/tex/generic/intcalc/intcalc.sty)
(/usr/share/texlive/texmf-dist/tex/latex/hyperref/puenc.def)
(/usr/share/texlive/texmf-dist/tex/latex/url/url.sty)
(/usr/share/texlive/texmf-dist/tex/generic/bitset/bitset.sty
(/usr/share/texlive/texmf-dist/tex/generic/bigintcalc/bigintcalc.sty))
(/usr/share/texlive/texmf-dist/tex/latex/base/atbegshi-ltx.sty))
(/usr/share/texlive/texmf-dist/tex/latex/hyperref/hxetex.def
(/usr/share/texlive/texmf-dist/tex/generic/stringenc/stringenc.sty)
(/usr/share/texlive/texmf-dist/tex/latex/rerunfilecheck/rerunfilecheck.sty
(/usr/share/texlive/texmf-dist/tex/latex/base/atveryend-ltx.sty)
(/usr/share/texlive/texmf-dist/tex/generic/uniquecounter/uniquecounter.sty)))
(/usr/share/texlive/texmf-dist/tex/latex/paralist/paralist.sty)
(/usr/share/texlive/texmf-dist/tex/latex/footmisc/footmisc.sty)
(/usr/share/texlive/texmf-dist/tex/latex/caption/caption.sty
(/usr/share/texlive/texmf-dist/tex/latex/caption/caption3.sty)
(/usr/share/texlive/texmf-dist/tex/latex/caption/ltcaption.sty))
(/usr/share/texlive/texmf-dist/tex/latex/caption/subcaption.sty)
(/usr/share/texlive/texmf-dist/tex/latex/geometry/geometry.sty
(/usr/share/texlive/texmf-dist/tex/generic/iftex/ifvtex.sty))) (./ntusetup.tex
(/usr/share/texlive/texmf-dist/tex/latex/natbib/natbib.sty)
(/usr/share/texlive/texmf-dist/tex/latex/amsmath/amsmath.sty
For additional information on amsmath, use the `?' option.
(/usr/share/texlive/texmf-dist/tex/latex/amsmath/amstext.sty)
(/usr/share/texlive/texmf-dist/tex/latex/amsmath/amsbsy.sty)
(/usr/share/texlive/texmf-dist/tex/latex/amsmath/amsopn.sty))
(/usr/share/texlive/texmf-dist/tex/latex/amscls/amsthm.sty)
(/usr/share/texlive/texmf-dist/tex/latex/amsfonts/amssymb.sty
(/usr/share/texlive/texmf-dist/tex/latex/amsfonts/amsfonts.sty))
(/usr/share/texlive/texmf-dist/tex/generic/ulem/ulem.sty)

Package ctexhook Warning: Package `CJKulem' can not be loaded with `xeCJK'.

(/usr/share/texlive/texmf-dist/tex/latex/algorithms/algorithm.sty
(/usr/share/texlive/texmf-dist/tex/latex/float/float.sty))
(/usr/share/texlive/texmf-dist/tex/latex/algorithmicx/algpseudocode.sty
(/usr/share/texlive/texmf-dist/tex/latex/algorithmicx/algorithmicx.sty
Document Style algorithmicx 1.2 - a greatly improved `algorithmic' style
)
Document Style - pseudocode environments for use with the `algorithmicx' style
) (/usr/share/texlive/texmf-dist/tex/latex/siunitx/siunitx.sty
(/usr/share/texlive/texmf-dist/tex/latex/translations/translations.sty))
(/usr/share/texlive/texmf-dist/tex/latex/lipsum/lipsum.sty
(/usr/share/texlive/texmf-dist/tex/latex/l3packages/l3keys2e/l3keys2e.sty)
(/usr/share/texlive/texmf-dist/tex/latex/lipsum/lipsum.ltd.tex))
(/usr/share/texlive/texmf-dist/tex/latex/zhlipsum/zhlipsum.sty
(/usr/share/texlive/texmf-dist/tex/latex/zhlipsum/zhlipsum-utf8.def)))
(./main.aux) (/usr/share/texlive/texmf-dist/tex/latex/base/ts1cmr.fd)
(/usr/share/texlive/texmf-dist/tex/latex/pdflscape/pdflscape.sty
(/usr/share/texlive/texmf-dist/tex/latex/pdflscape/pdflscape-nometadata.sty
(/usr/share/texlive/texmf-dist/tex/latex/graphics/lscape.sty)))
(/usr/share/texlive/texmf-dist/tex/latex/fmtcount/fc-english.def)

Package hyperref Warning: Rerun to get /PageLabels entry.

*geometry* driver: auto-detecting
*geometry* detected driver: xetex

(/usr/share/texlive/texmf-dist/tex/latex/translations/translations-basic-dictio
nary-english.trsl) [1]
(/usr/share/texlive/texmf-dist/tex/latex/amsfonts/umsa.fd)
(/usr/share/texlive/texmf-dist/tex/latex/amsfonts/umsb.fd) [1] [2]
(./front/acknowledgement.tex) (./front/abstract.tex [3] [4]

Package xeCJK Warning: Unknown CJK family `\CJKttdefault' is being ignored.
(xeCJK)                
(xeCJK)                Try to use `\setCJKmonofont[<...>]{<...>}' to define
(xeCJK)                it.


Underfull \vbox (badness 10000) has occurred while \output is active [5]
[6]
Overfull \hbox (20.1282pt too wide) in paragraph at lines 15--16
\TU/TimesNewRoman(0)/m/n/12 recently surpassed deterministic deep-learning base
lines on probabilistic, sharp, and ensemble-

Overfull \hbox (2.98209pt too wide) in paragraph at lines 17--18
[]\TU/TimesNewRoman(0)/m/n/12 This thesis builds on a two-stage StormCast model
 trained on a Taiwan-domain RWRF

Overfull \hbox (8.60513pt too wide) in paragraph at lines 17--18
\TU/TimesNewRoman(0)/m/n/12 proposes and evaluates \TU/TimesNewRoman(0)/b/n/12 
FlowCast\TU/TimesNewRoman(0)/m/n/12 : a residual generator based on |   []   | 
  []   |   []

Underfull \vbox (badness 10000) has occurred while \output is active [7]
Overfull \hbox (11.8071pt too wide) in paragraph at lines 19--20
\TU/TimesNewRoman(0)/m/n/12 matched training-sample budget on the full 2022 hou
rly validation year, using a precipitation-

Overfull \hbox (0.17935pt too wide) in paragraph at lines 19--20
\TU/TimesNewRoman(0)/m/n/12 pler’s cost — with the best temperature accuracy in
 the study and a single-step precipitation

Underfull \vbox (badness 10000) has occurred while \output is active [8])
Underfull \hbox (badness 10000) in paragraph at lines 21--29

[9] [10]
No file main.toc.
[11] [12]
No file main.lof.
[13] [14]
No file main.lot.
(./front/denotation.tex [15] [16]
Underfull \vbox (badness 10000) has occurred while \output is active [17]
Overfull \hbox (18.05824pt too wide) in paragraph at lines 25--26
[]\TU/TimesNewRoman(0)/m/n/12 Deterministic regression network producing mean $
\OML/cmm/m/it/12 M[] \OT1/cmr/m/n/12 = \OML/cmm/m/it/12 F[]\OT1/cmr/m/n/12 (\OM
L/cmm/m/it/12 X[]; S[]; I\OT1/cmr/m/n/12 )$\TU/TimesNewRoman(0)/m/n/12 . 

Underfull \vbox (badness 10000) has occurred while \output is active [18])
[19] [20] (./contents/chapter01.tex
Chapter 1.
[1]
Underfull \vbox (badness 1281) has occurred while \output is active [2]

Package natbib Warning: Citation `pathak2022fourcastnet' on page 3 undefined on
 input line 22.


Package natbib Warning: Citation `bi2023pangu' on page 3 undefined on input lin
e 22.


Package natbib Warning: Citation `lam2023graphcast' on page 3 undefined on inpu
t line 22.


Package natbib Warning: Citation `sonderby2020metnet' on page 3 undefined on in
put line 22.


Package natbib Warning: Citation `espeholt2022metnet2' on page 3 undefined on i
nput line 22.


Package natbib Warning: Citation `andrychowicz2023metnet3' on page 3 undefined 
on input line 22.


Package natbib Warning: Citation `ravuri2021dgmr' on page 3 undefined on input 
line 22.


Package natbib Warning: Citation `pathak2024stormcast' on page 3 undefined on i
nput line 22.


Package natbib Warning: Citation `price2024gencast' on page 3 undefined on inpu
t line 24.

[3] [4]
Underfull \vbox (badness 3138) has occurred while \output is active [5]

Package natbib Warning: Citation `lipman2023flow' on page 6 undefined on input 
line 45.


Package natbib Warning: Citation `tong2024improving' on page 6 undefined on inp
ut line 45.


Package natbib Warning: Citation `ribeiro2025flowcast' on page 6 undefined on i
nput line 45.


Package natbib Warning: Citation `geng2025meanflow' on page 6 undefined on inpu
t line 47.


Underfull \vbox (badness 10000) has occurred while \output is active [6]

Package natbib Warning: Citation `lipman2023flow' on page 7 undefined on input 
line 54.


Package natbib Warning: Citation `tong2024improving' on page 7 undefined on inp
ut line 54.


Package natbib Warning: Citation `ribeiro2025flowcast' on page 7 undefined on i
nput line 54.


Overfull \hbox (5.50815pt too wide) in paragraph at lines 54--55
[]\TU/TimesNewRoman(0)/m/n/12 We adapt |   []   |   []   |   [] [\TU/TimesNewRo
man(0)/b/n/12 ? ? ? \TU/TimesNewRoman(0)/m/n/12 ] to the StormCast two-stage re
gression-

Overfull \hbox (2.39125pt too wide) in paragraph at lines 54--55
\TU/TimesNewRoman(0)/m/n/12 residual forecaster that learns a straight-line noi
se-to-data ODE in standardised resid-

Package natbib Warning: Citation `geng2025meanflow' on page 7 undefined on inpu
t line 55.


Overfull \hbox (9.1188pt too wide) in paragraph at lines 57--58
[]\TU/TimesNewRoman(0)/m/n/12 We exploit the four-channel target with a precipi
tation-aware loss: a channel-weighted
[7]

LaTeX Warning: Reference `app:derivations' on page 8 undefined on input line 60
.


LaTeX Warning: Reference `ch:background' on page 8 undefined on input line 66.


LaTeX Warning: Reference `ch:method' on page 8 undefined on input line 66.


LaTeX Warning: Reference `ch:experiments' on page 8 undefined on input line 66.



LaTeX Warning: Reference `ch:conclusion' on page 8 undefined on input line 66.

) (./contents/chapter02.tex [8] [9] [10]
Chapter 2.

LaTeX Warning: Reference `sec:bg-nwp' on page 11 undefined on input line 6.


LaTeX Warning: Reference `sec:bg-gencast' on page 11 undefined on input line 6.



LaTeX Warning: Reference `sec:bg-diffusion-primer' on page 11 undefined on inpu
t line 6.


LaTeX Warning: Reference `sec:bg-conditioning' on page 11 undefined on input li
ne 6.


LaTeX Warning: Reference `sec:bg-flowmatching' on page 11 undefined on input li
ne 6.


LaTeX Warning: Reference `sec:bg-prior-weather' on page 11 undefined on input l
ine 6.


LaTeX Warning: Reference `sec:bg-metrics' on page 11 undefined on input line 6.



LaTeX Warning: Reference `app:derivations' on page 11 undefined on input line 6
.


LaTeX Warning: Reference `app:derivations' on page 11 undefined on input line 6
.


Underfull \vbox (badness 10000) has occurred while \output is active [11]

Package natbib Warning: Citation `pathak2022fourcastnet' on page 12 undefined o
n input line 22.


Underfull \vbox (badness 10000) has occurred while \output is active [12]

Package natbib Warning: Citation `bi2023pangu' on page 13 undefined on input li
ne 24.


Package natbib Warning: Citation `lam2023graphcast' on page 13 undefined on inp
ut line 26.


Package natbib Warning: Citation `sonderby2020metnet' on page 13 undefined on i
nput line 36.


Package natbib Warning: Citation `espeholt2022metnet2' on page 13 undefined on 
input line 36.


Package natbib Warning: Citation `andrychowicz2023metnet3' on page 13 undefined
 on input line 36.


Package natbib Warning: Citation `ravuri2021dgmr' on page 13 undefined on input
 line 36.

[13]

Package natbib Warning: Citation `pathak2024stormcast' on page 14 undefined on 
input line 38.


LaTeX Warning: Reference `ch:method' on page 14 undefined on input line 45.


Package natbib Warning: Citation `price2024gencast' on page 14 undefined on inp
ut line 51.

[14]

Package natbib Warning: Citation `ho2020ddpm' on page 15 undefined on input lin
e 57.


Package natbib Warning: Citation `song2021ddim' on page 15 undefined on input l
ine 57.


Package natbib Warning: Citation `song2021scoresde' on page 15 undefined on inp
ut line 57.


Package natbib Warning: Citation `karras2022elucidating' on page 15 undefined o
n input line 57.


LaTeX Warning: Reference `app:derivations' on page 15 undefined on input line 5
7.


Underfull \vbox (badness 3568) has occurred while \output is active [15]

LaTeX Warning: Reference `app:derivations' on page 16 undefined on input line 6
7.


LaTeX Warning: Reference `app:ddpm-marginal' on page 16 undefined on input line
 67.


LaTeX Warning: Reference `eq:ddpm-forward-step' on page 16 undefined on input l
ine 88.


LaTeX Warning: Reference `eq:ddpm-marginal' on page 16 undefined on input line 
88.


LaTeX Warning: Reference `app:derivations' on page 16 undefined on input line 8
8.


LaTeX Warning: Reference `app:ddpm-posterior' on page 16 undefined on input lin
e 88.


Underfull \vbox (badness 4132) has occurred while \output is active [16]
Overfull \hbox (63.64502pt too wide) detected at line 94
[][][]\OMS/cmsy/m/n/12 ^^@ [] \OML/cmm/m/it/12 p[]\OT1/cmr/m/n/12 (\OML/cmm/m/i
t/12 x[]\OT1/cmr/m/n/12 ) \OMS/cmsy/m/n/12 ^^T [] \OT1/cmr/m/n/12 + [] [] \OMS/
cmsy/m/n/12 ^^@ []\OML/cmm/m/it/12 ;

LaTeX Warning: Reference `app:derivations' on page 17 undefined on input line 9
5.


LaTeX Warning: Reference `app:ddpm-elbo' on page 17 undefined on input line 95.



LaTeX Warning: Reference `eq:ddpm-simple' on page 17 undefined on input line 11
2.


LaTeX Warning: Reference `app:derivations' on page 17 undefined on input line 1
12.


LaTeX Warning: Reference `app:ddpm-simple' on page 17 undefined on input line 1
12.

[17]

Package natbib Warning: Citation `song2021ddim' on page 18 undefined on input l
ine 117.


LaTeX Warning: Reference `eq:ddpm-simple' on page 18 undefined on input line 11
7.


LaTeX Warning: Reference `eq:ddim-deterministic' on page 18 undefined on input 
line 127.


Package natbib Warning: Citation `lu2022dpmsolver' on page 18 undefined on inpu
t line 127.


LaTeX Warning: Reference `app:derivations' on page 18 undefined on input line 1
27.


LaTeX Warning: Reference `app:ddim' on page 18 undefined on input line 127.


LaTeX Warning: Reference `sec:bg-flowmatching' on page 18 undefined on input li
ne 127.


Underfull \vbox (badness 4582) has occurred while \output is active [18]

Package natbib Warning: Citation `song2021scoresde' on page 19 undefined on inp
ut line 132.


LaTeX Warning: Reference `eq:pfode' on page 19 undefined on input line 147.


LaTeX Warning: Reference `app:derivations' on page 19 undefined on input line 1
47.


LaTeX Warning: Reference `app:pfode' on page 19 undefined on input line 147.


LaTeX Warning: Reference `sec:bg-flowmatching' on page 19 undefined on input li
ne 147.

[19]

LaTeX Warning: Reference `app:derivations' on page 20 undefined on input line 1
54.


LaTeX Warning: Reference `app:tweedie' on page 20 undefined on input line 154.


LaTeX Warning: Reference `eq:dsm' on page 20 undefined on input line 159.


LaTeX Warning: Reference `eq:ddpm-simple' on page 20 undefined on input line 15
9.


Package natbib Warning: Citation `salimans2022progressive' on page 20 undefined
 on input line 159.


LaTeX Warning: Reference `app:derivations' on page 20 undefined on input line 1
59.


LaTeX Warning: Reference `app:param-equivalence' on page 20 undefined on input 
line 159.


Package natbib Warning: Citation `karras2022elucidating' on page 20 undefined o
n input line 165.


LaTeX Warning: Reference `ch:method' on page 20 undefined on input line 165.


LaTeX Warning: Reference `app:derivations' on page 20 undefined on input line 1
65.


LaTeX Warning: Reference `app:edm-preconditioning' on page 20 undefined on inpu
t line 165.

[20]
Underfull \vbox (badness 10000) has occurred while \output is active [21]

LaTeX Warning: Reference `ch:method' on page 22 undefined on input line 202.


Package natbib Warning: Citation `ho2022cfg' on page 22 undefined on input line
 208.


LaTeX Warning: Reference `sec:method-flowcast' on page 22 undefined on input li
ne 208.

[22]

LaTeX Warning: Reference `sec:method-flowcast' on page 23 undefined on input li
ne 214.


LaTeX Warning: Reference `sec:method-meanflow' on page 23 undefined on input li
ne 214.


Package natbib Warning: Citation `chen2018node' on page 23 undefined on input l
ine 216.


Package natbib Warning: Citation `lipman2023flow' on page 23 undefined on input
 line 216.


Package natbib Warning: Citation `tong2024improving' on page 23 undefined on in
put line 216.

[23]

Package natbib Warning: Citation `lipman2023flow' on page 24 undefined on input
 line 221.


LaTeX Warning: Reference `eq:cfm-loss' on page 24 undefined on input line 221.


LaTeX Warning: Reference `app:derivations' on page 24 undefined on input line 2
21.


LaTeX Warning: Reference `app:cfm-theorem' on page 24 undefined on input line 2
21.


Package natbib Warning: Citation `tong2024improving' on page 24 undefined on in
put line 223.


Overfull \hbox (14.0954pt too wide) detected at line 229
[][][]\OML/cmm/m/it/12 p[]\OT1/cmr/m/n/12 (\OML/cmm/m/it/12 x \OMS/cmsy/m/n/12 
j \OML/cmm/m/it/12 x[]; x[]\OT1/cmr/m/n/12 ) = \OMS/cmsy/m/n/12 N[]\OT1/cmr/m/n
/12 (1 \OMS/cmsy/m/n/12 ^^@ \OML/cmm/m/it/12 t\OT1/cmr/m/n/12 ) \OML/cmm/m/it/1
2 x[] \OT1/cmr/m/n/12 + \OML/cmm/m/it/12 t x[];  ^^[[]I[];  x[] \OT1/cmr/m/n/12
 = (1 \OMS/cmsy/m/n/12 ^^@ \OML/cmm/m/it/12 t\OT1/cmr/m/n/12 ) \OML/cmm/m/it/12
 x[] \OT1/cmr/m/n/12 + \OML/cmm/m/it/12 t x[] \OT1/cmr/m/n/12 + \OML/cmm/m/it/1
2 ^^[[] ^^Q;  ^^Q \OMS/cmsy/m/n/12 ^^X N\OT1/cmr/m/n/12 (0\OML/cmm/m/it/12 ; I\
OT1/cmr/m/n/12 )\OML/cmm/m/it/12 :

Package natbib Warning: Citation `tong2024improving' on page 24 undefined on in
put line 240.


LaTeX Warning: Reference `eq:icfm-target' on page 24 undefined on input line 24
0.


LaTeX Warning: Reference `eq:icfm-path' on page 24 undefined on input line 240.



LaTeX Warning: Reference `app:derivations' on page 24 undefined on input line 2
40.


LaTeX Warning: Reference `app:icfm' on page 24 undefined on input line 240.

[24]

Package natbib Warning: Citation `ribeiro2025flowcast' on page 25 undefined on 
input line 242.


LaTeX Warning: Reference `sec:method-flowcast' on page 25 undefined on input li
ne 242.


Package natbib Warning: Citation `song2023consistency' on page 25 undefined on 
input line 244.


Package natbib Warning: Citation `song2023improved' on page 25 undefined on inp
ut line 244.


Package natbib Warning: Citation `geng2025meanflow' on page 25 undefined on inp
ut line 244.


Package natbib Warning: Citation `geng2025meanflow' on page 25 undefined on inp
ut line 244.


LaTeX Warning: Reference `sec:method-meanflow' on page 25 undefined on input li
ne 244.

[25]
Underfull \vbox (badness 10000) has occurred while \output is active [26]

LaTeX Warning: Reference `eq:pfode' on page 27 undefined on input line 252.


Overfull \hbox (45.27171pt too wide) in paragraph at lines 252--253
[] [] \TU/TimesNewRoman(0)/b/n/12 The diffusion path is curved.[] \TU/TimesNewR
oman(0)/m/n/12 The EDM PF-ODE of Equation [] has a velocity $\OMS/cmsy/m/n/12 ^
^@\OML/cmm/m/it/12 ^^[\OMS/cmsy/m/n/12 r[] [] \OML/cmm/m/it/12 p[]\OT1/cmr/m/n/
12 (\OML/cmm/m/it/12 x\OT1/cmr/m/n/12 )$

LaTeX Warning: Reference `sec:bg-flowmatching' on page 27 undefined on input li
ne 254.


Package natbib Warning: Citation `ribeiro2025flowcast' on page 27 undefined on 
input line 254.


LaTeX Warning: Reference `ch:experiments' on page 27 undefined on input line 25
4.

[27]

Package natbib Warning: Citation `salimans2022progressive' on page 28 undefined
 on input line 256.


Package natbib Warning: Citation `song2023consistency' on page 28 undefined on 
input line 256.


Package natbib Warning: Citation `song2023improved' on page 28 undefined on inp
ut line 256.


Package natbib Warning: Citation `sauer2023add' on page 28 undefined on input l
ine 256.


Package natbib Warning: Citation `liu2022rectifiedflow' on page 28 undefined on
 input line 256.


Package natbib Warning: Citation `geng2025meanflow' on page 28 undefined on inp
ut line 256.


Package natbib Warning: Citation `ravuri2021dgmr' on page 28 undefined on input
 line 262.


Package natbib Warning: Citation `price2024gencast' on page 28 undefined on inp
ut line 262.


Package natbib Warning: Citation `pathak2024stormcast' on page 28 undefined on 
input line 262.


Package natbib Warning: Citation `ribeiro2025flowcast' on page 28 undefined on 
input line 262.


Package natbib Warning: Citation `geng2025meanflow' on page 28 undefined on inp
ut line 262.


Underfull \vbox (badness 1082) has occurred while \output is active [28]

LaTeX Warning: Reference `ch:experiments' on page 29 undefined on input line 26
8.


Package natbib Warning: Citation `schaefer1990csi' on page 29 undefined on inpu
t line 270.

[29]

Package natbib Warning: Citation `roberts2008fss' on page 30 undefined on input
 line 272.


Overfull \hbox (7.5807pt too wide) in paragraph at lines 274--275
\TU/TimesNewRoman(0)/m/n/12 that produces blurry outputs will have a log-PSD th
at drops off too quickly at high wavenum-
) (./contents/chapter03.tex [30]
Chapter 3.

LaTeX Warning: Reference `sec:method-problem' on page 31 undefined on input lin
e 6.


LaTeX Warning: Reference `sec:method-data' on page 31 undefined on input line 6
.


LaTeX Warning: Reference `sec:method-datasources' on page 31 undefined on input
 line 6.


LaTeX Warning: Reference `sec:method-baseline' on page 31 undefined on input li
ne 6.


LaTeX Warning: Reference `sec:method-flowcast' on page 31 undefined on input li
ne 6.


LaTeX Warning: Reference `sec:method-meanflow' on page 31 undefined on input li
ne 6.


LaTeX Warning: Reference `sec:method-qpepre' on page 31 undefined on input line
 6.


LaTeX Warning: Reference `sec:method-infra' on page 31 undefined on input line 
6.


Overfull \hbox (11.74251pt too wide) in paragraph at lines 6--7
[]\TU/TimesNewRoman(0)/m/n/12 This chapter describes what was actually built. S
ection [] states the residual-forecasting

Underfull \vbox (badness 6675) has occurred while \output is active [31]

LaTeX Warning: Reference `sec:method-flowcast' on page 32 undefined on input li
ne 21.


Package natbib Warning: Citation `geng2025meanflow' on page 32 undefined on inp
ut line 23.


LaTeX Warning: Reference `sec:method-meanflow' on page 32 undefined on input li
ne 23.

[32]

LaTeX Warning: Reference `app:repro' on page 33 undefined on input line 32.

[33]

LaTeX Warning: Reference `ch:experiments' on page 34 undefined on input line 46
.


LaTeX Warning: Reference `sec:exp-log1p' on page 34 undefined on input line 48.



LaTeX Warning: Reference `sec:exp-legacy' on page 34 undefined on input line 48
.


LaTeX Warning: Reference `sec:exp-discussion' on page 34 undefined on input lin
e 48.


Underfull \vbox (badness 1062) has occurred while \output is active [34]

LaTeX Warning: Reference `sec:method-data' on page 35 undefined on input line 5
4.


Package natbib Warning: Citation `hersbach2020era5' on page 35 undefined on inp
ut line 59.


LaTeX Warning: Reference `sec:method-data' on page 35 undefined on input line 5
9.

[35]

LaTeX Warning: Reference `tab:data-sources' on page 36 undefined on input line 
67.


Underfull \vbox (badness 10000) has occurred while \output is active [36]
Overfull \hbox (39.70839pt too wide) in paragraph at lines 95--96
\TU/lmtt/m/n/12 netCDF4.num2date\TU/TimesNewRoman(0)/m/n/12 , and writes one fi
le per hour with a canonical \TU/lmtt/m/n/12 {variable}_YYYYMMDDTHH.nc

Overfull \hbox (74.92876pt too wide) in paragraph at lines 95--96
\TU/TimesNewRoman(0)/m/n/12 cally 20 processes on a workstation). Driver: \TU/l
mtt/m/n/12 nc_month_to_day/ split_era5_monthly_to_daily.py\TU/TimesNewRoman(0)/
m/n/12 ;

Overfull \hbox (107.2639pt too wide) in paragraph at lines 97--98
[] [] \TU/TimesNewRoman(0)/b/n/12 Stage 2: unified NetCDF-to-Zarr assembly.[] \
TU/TimesNewRoman(0)/m/n/12 The main pipeline is \TU/lmtt/m/n/12 nc_to_zarr/ nc_
to_zarr_pipeline.py\TU/TimesNewRoman(0)/m/n/12 ,
[37] [38]

LaTeX Warning: Reference `eq:hr-stats' on page 39 undefined on input line 118.


Overfull \hbox (41.9467pt too wide) in paragraph at lines 118--119
[]\TU/TimesNewRoman(0)/b/n/12 Streaming statistics. \TU/TimesNewRoman(0)/m/n/12
 As each training sample is filled into the data cube, a \TU/lmtt/m/n/12 Stream
ingStats
[39]
Overfull \hbox (189.1884pt too wide) in paragraph at lines 136--137
\TU/TimesNewRoman(0)/m/n/12 which matches the layout documented in \TU/lmtt/m/n
/12 zarr_metadata.json \TU/TimesNewRoman(0)/m/n/12 and consumed by \TU/lmtt/m/n
/12 data_loader_rwrf_era5_stable.Dataset\TU/TimesNewRoman(0)/m/n/12 .

Underfull \vbox (badness 2012) has occurred while \output is active [40]

LaTeX Warning: Reference `sec:method-baseline' on page 41 undefined on input li
ne 142.


LaTeX Warning: Reference `fig:highres-gaussian-check' on page 41 undefined on i
nput line 148.


LaTeX Warning: Reference `tab:highres-gaussian-stats' on page 41 undefined on i
nput line 148.

[41] [42]

LaTeX Warning: Reference `tab:highres-gaussian-stats' on page 43 undefined on i
nput line 193.


LaTeX Warning: Reference `sec:method-qpepre' on page 43 undefined on input line
 197.


Underfull \vbox (badness 7907) has occurred while \output is active [43]

LaTeX Warning: Reference `sec:method-qpepre' on page 44 undefined on input line
 198.


LaTeX Warning: Reference `ch:experiments' on page 44 undefined on input line 19
8.


LaTeX Warning: Reference `fig:highres-gaussian-check' on page 44 undefined on i
nput line 202.


LaTeX Warning: Reference `sec:bg-regional' on page 44 undefined on input line 2
08.


LaTeX Warning: Reference `sec:bg-edm' on page 44 undefined on input line 208.


Underfull \vbox (badness 3536) has occurred while \output is active [44]

LaTeX Warning: Reference `sec:bg-edm' on page 45 undefined on input line 212.


LaTeX Warning: Reference `sec:exp-protocol' on page 45 undefined on input line 
212.


Overfull \hbox (26.05408pt too wide) in paragraph at lines 215--216
[]\TU/TimesNewRoman(0)/m/n/12 Both networks are instantiated through the factor
y \TU/lmtt/m/n/12 get_preconditioned_architecture

Overfull \hbox (44.27266pt too wide) in paragraph at lines 215--216
\TU/TimesNewRoman(0)/m/n/12 per by name. The conditioning bundle is assembled b
y \TU/lmtt/m/n/12 build_network_condition_and_target\TU/TimesNewRoman(0)/m/n/12
 ,

LaTeX Warning: Reference `ch:experiments' on page 45 undefined on input line 21
7.


LaTeX Warning: Reference `sec:method-flowcast' on page 45 undefined on input li
ne 217.


LaTeX Warning: Reference `sec:method-meanflow' on page 45 undefined on input li
ne 217.

[45]

LaTeX Warning: Reference `sec:bg-flowmatching' on page 46 undefined on input li
ne 223.


Overfull \hbox (18.08263pt too wide) in paragraph at lines 230--231
\TU/TimesNewRoman(0)/m/n/12 which is identical in \TU/lmtt/m/n/12 stormcast/ co
nfig/ model/ flowcast.yaml \TU/TimesNewRoman(0)/m/n/12 and \TU/lmtt/m/n/12 stor
mcast/ config/
[46]

LaTeX Warning: Reference `ch:experiments' on page 47 undefined on input line 23
4.


Package natbib Warning: Citation `tong2024improving' on page 47 undefined on in
put line 242.


Package natbib Warning: Citation `tong2024improving' on page 47 undefined on in
put line 242.

[47]
Overfull \hbox (19.57584pt too wide) in paragraph at lines 244--245
[] [] \TU/TimesNewRoman(0)/b/n/12 Velocity predictor.[] \TU/TimesNewRoman(0)/m/
n/12 The FlowCast network is the \TU/lmtt/m/n/12 FlowCastPrecond \TU/TimesNewRo
man(0)/m/n/12 module at \TU/lmtt/m/n/12 stormcast/

Overfull \hbox (198.1561pt too wide) in paragraph at lines 244--245
\TU/lmtt/m/n/12 utils/ flowcast_precond.py\TU/TimesNewRoman(0)/m/n/12 , instant
iated through the factory call \TU/lmtt/m/n/12 get_preconditioned_architecture(
name="flowcast",

Overfull \hbox (4.19218pt too wide) in paragraph at lines 244--245
\TU/lmtt/m/n/12 …) \TU/TimesNewRoman(0)/m/n/12 at \TU/lmtt/m/n/12 stormcast/ ut
ils/ nn.py\TU/TimesNewRoman(0)/m/n/12 . The factory wraps a SongUNet with \TU/l
mtt/m/n/12 channel_mult=[1,

LaTeX Warning: Reference `sec:method-qpepre' on page 48 undefined on input line
 256.


LaTeX Warning: Reference `sec:method-qpepre' on page 48 undefined on input line
 256.


LaTeX Warning: Reference `alg:flowcast' on page 48 undefined on input line 256.



Underfull \vbox (badness 3058) has occurred while \output is active [48]

LaTeX Warning: Reference `sec:exp-protocol' on page 49 undefined on input line 
278.


Overfull \hbox (3.32668pt too wide) in paragraph at lines 278--279
[] [] \TU/TimesNewRoman(0)/b/n/12 Optimisation.[] \TU/TimesNewRoman(0)/m/n/12 F
ollowing the FlowCast paper we use the AdamW optimiser with $\OML/cmm/m/it/12 ^
^L[] \OT1/cmr/m/n/12 =

Overfull \hbox (22.59566pt too wide) in paragraph at lines 278--279
\TU/lmtt/m/n/12 DistributedDataParallel\TU/TimesNewRoman(0)/m/n/12 ; the per-GP
U micro-batch is \TU/lmtt/m/n/12 batch_size_per_gpu = "auto"\TU/TimesNewRoman(0
)/m/n/12 ,
[49]
Overfull \hbox (1.54533pt too wide) in paragraph at lines 280--281
[] [] \TU/TimesNewRoman(0)/b/n/12 EMA shadow network.[] \TU/TimesNewRoman(0)/m/
n/12 A second \TU/lmtt/m/n/12 FlowCastPrecond \TU/TimesNewRoman(0)/m/n/12 insta
nce is kept as an exponential-

LaTeX Warning: Reference `ch:experiments' on page 50 undefined on input line 29
5.


Underfull \vbox (badness 3058) has occurred while \output is active [50]

LaTeX Warning: Reference `ch:experiments' on page 51 undefined on input line 29
7.


Package natbib Warning: Citation `ribeiro2025flowcast' on page 51 undefined on 
input line 297.


LaTeX Warning: Reference `app:hyperparams' on page 51 undefined on input line 2
99.


Overfull \hbox (2.73598pt too wide) in paragraph at lines 299--300
[] [] \TU/TimesNewRoman(0)/b/n/12 Implementation pointers.[] \TU/TimesNewRoman(
0)/m/n/12 Entry point \TU/lmtt/m/n/12 stormcast/ train_flowcast.py\TU/TimesNewR
oman(0)/m/n/12 ; training loop

Overfull \hbox (23.60199pt too wide) in paragraph at lines 299--300
\TU/lmtt/m/n/12 stormcast/ utils/ trainer_flowcast.py \TU/TimesNewRoman(0)/m/n/
12 (\TU/lmtt/m/n/12 flowcast_training_loop\TU/TimesNewRoman(0)/m/n/12 ); loss \
TU/lmtt/m/n/12 stormcast/

Overfull \hbox (87.33682pt too wide) in paragraph at lines 299--300
\TU/lmtt/m/n/12 utils/ flowcast_loss.py \TU/TimesNewRoman(0)/m/n/12 (\TU/lmtt/m
/n/12 FlowCastLoss\TU/TimesNewRoman(0)/m/n/12 ); preconditioner \TU/lmtt/m/n/12
 stormcast/ utils/ flowcast_precond.py

Overfull \hbox (37.89796pt too wide) in paragraph at lines 299--300
\TU/TimesNewRoman(0)/m/n/12 (\TU/lmtt/m/n/12 FlowCastPrecond\TU/TimesNewRoman(0
)/m/n/12 ); EMA helper \TU/lmtt/m/n/12 stormcast/ utils/ ema.py \TU/TimesNewRom
an(0)/m/n/12 (\TU/lmtt/m/n/12 ExponentialMovingAverage\TU/TimesNewRoman(0)/m/n/
12 );

Overfull \hbox (26.61482pt too wide) in paragraph at lines 299--300
\TU/TimesNewRoman(0)/m/n/12 configs \TU/lmtt/m/n/12 stormcast/ config/ flowcast
.yaml\TU/TimesNewRoman(0)/m/n/12 , \TU/lmtt/m/n/12 stormcast/ config/ model/ fl
owcast.yaml\TU/TimesNewRoman(0)/m/n/12 ,

Overfull \hbox (11.86821pt too wide) in paragraph at lines 299--300
\TU/TimesNewRoman(0)/m/n/12 in \TU/lmtt/m/n/12 stormcast/ utils/ nn.py\TU/Times
NewRoman(0)/m/n/12 . The numerical hyperparameters are tabulated in Appendix []
. 
[51]
Overfull \hbox (19.05179pt too wide) in paragraph at lines 302--302
|[]\TU/TimesNewRoman(0)/b/n/17.28 The MeanFlow Residual (Average-Velocity Flow 
Match-

LaTeX Warning: Reference `sec:bg-flowmatching' on page 52 undefined on input li
ne 305.


Package natbib Warning: Citation `geng2025meanflow' on page 52 undefined on inp
ut line 305.


LaTeX Warning: Reference `sec:method-flowcast' on page 52 undefined on input li
ne 307.


Underfull \vbox (badness 1082) has occurred while \output is active [52]

LaTeX Warning: Reference `sec:bg-flowmatching' on page 53 undefined on input li
ne 313.


LaTeX Warning: Reference `eq:meanflow-avgvel' on page 53 undefined on input lin
e 318.


LaTeX Warning: Reference `eq:meanflow-avgvel' on page 53 undefined on input lin
e 320.


Overfull \hbox (1.20279pt too wide) in paragraph at lines 320--321
[] [] \TU/TimesNewRoman(0)/b/n/12 The MeanFlow identity.[] \TU/TimesNewRoman(0)
/m/n/12 The integral is eliminated by differentiation rather than quadra-

LaTeX Warning: Reference `eq:meanflow-identity' on page 53 undefined on input l
ine 330.


Package natbib Warning: Citation `geng2025meanflow' on page 53 undefined on inp
ut line 330.


Package natbib Warning: Citation `geng2025meanflow' on page 53 undefined on inp
ut line 330.


Underfull \vbox (badness 10000) has occurred while \output is active [53]

LaTeX Warning: Reference `eq:meanflow-identity' on page 54 undefined on input l
ine 332.


Overfull \hbox (33.85258pt too wide) detected at line 340
[][][]\OMS/cmsy/m/n/12 L[] \OT1/cmr/m/n/12 = \U/msb/m/n/12 E[] []\OT1/cmr/m/n/1
2 (\OML/cmm/m/it/12 w\OT1/cmr/m/n/12 ) []\OML/cmm/m/it/12 u[]\OT1/cmr/m/n/12 (\
OML/cmm/m/it/12 z[]; r; t; c[]\OT1/cmr/m/n/12 ) \OMS/cmsy/m/n/12 ^^@ []\OT1/cmr
/m/n/12 (\OML/cmm/m/it/12 u[]\OT1/cmr/m/n/12 )[][] [] + \OML/cmm/m/it/12 ^^U[] 
\OMS/cmsy/m/n/12 L[]\OML/cmm/m/it/12 ;  u[] \OT1/cmr/m/n/12 = \OML/cmm/m/it/12 
v \OT1/cmr/m/n/12 + (\OML/cmm/m/it/12 t \OMS/cmsy/m/n/12 ^^@ \OML/cmm/m/it/12 r
\OT1/cmr/m/n/12 )[]\OML/cmm/m/it/12 v @[]u[] \OT1/cmr/m/n/12 + \OML/cmm/m/it/12
 @[]u[][];

LaTeX Warning: Reference `sec:method-qpepre' on page 54 undefined on input line
 341.


Package natbib Warning: Citation `geng2025meanflow' on page 54 undefined on inp
ut line 341.


LaTeX Warning: Reference `eq:meanflow-avgvel' on page 54 undefined on input lin
e 343.


Package natbib Warning: Citation `geng2025meanflow' on page 54 undefined on inp
ut line 344.

[54]

Package natbib Warning: Citation `geng2025meanflow' on page 55 undefined on inp
ut line 345.


LaTeX Warning: Reference `sec:method-qpepre' on page 55 undefined on input line
 347.


LaTeX Warning: Reference `eq:flowcast-loss' on page 55 undefined on input line 
347.


LaTeX Warning: Reference `alg:meanflow' on page 55 undefined on input line 347.



LaTeX Warning: Reference `sec:method-qpepre' on page 55 undefined on input line
 364.


LaTeX Warning: Reference `eq:flowcast-precond' on page 55 undefined on input li
ne 370.


Overfull \hbox (53.01587pt too wide) in paragraph at lines 370--371
[] [] \TU/TimesNewRoman(0)/b/n/12 Network parameterisation: two times into one 
backbone.[] \TU/TimesNewRoman(0)/m/n/12 The network is the \TU/lmtt/m/n/12 Mean
FlowPrecond

Overfull \hbox (10.64813pt too wide) in paragraph at lines 370--371
\TU/TimesNewRoman(0)/m/n/12 module (\TU/lmtt/m/n/12 stormcast/ utils/ meanflow_
precond.py\TU/TimesNewRoman(0)/m/n/12 ), wrapping the |   [] SongUNet back-
[55]

Package natbib Warning: Citation `geng2025meanflow' on page 56 undefined on inp
ut line 375.


LaTeX Warning: Reference `eq:meanflow-displacement' on page 56 undefined on inp
ut line 377.


Overfull \hbox (0.61182pt too wide) in paragraph at lines 377--378
[] [] \TU/TimesNewRoman(0)/b/n/12 Sampling.[] \TU/TimesNewRoman(0)/m/n/12 Gener
ation replaces numerical integration with Eq. [] applied over $\OML/cmm/m/it/12
 K$ \TU/TimesNewRoman(0)/m/n/12 equal

Underfull \vbox (badness 6461) has occurred while \output is active [56]

LaTeX Warning: Reference `ch:experiments' on page 57 undefined on input line 38
6.


LaTeX Warning: Reference `sec:exp-protocol' on page 57 undefined on input line 
386.


Overfull \hbox (8.86574pt too wide) in paragraph at lines 386--387
[] [] \TU/TimesNewRoman(0)/b/n/12 Optimisation and checkpoints.[] \TU/TimesNewR
oman(0)/m/n/12 Everything FlowCast-side is kept: AdamW with $\OML/cmm/m/it/12 ^
^L[] \OT1/cmr/m/n/12 =

LaTeX Warning: Reference `ch:experiments' on page 57 undefined on input line 38
8.

[57]

LaTeX Warning: Reference `app:hyperparams' on page 58 undefined on input line 3
90.


Overfull \hbox (2.73598pt too wide) in paragraph at lines 390--391
[] [] \TU/TimesNewRoman(0)/b/n/12 Implementation pointers.[] \TU/TimesNewRoman(
0)/m/n/12 Entry point \TU/lmtt/m/n/12 stormcast/ train_meanflow.py\TU/TimesNewR
oman(0)/m/n/12 ; training loop

Overfull \hbox (13.60962pt too wide) in paragraph at lines 390--391
\TU/lmtt/m/n/12 stormcast/ utils/ trainer_meanflow.py\TU/TimesNewRoman(0)/m/n/1
2 ; loss \TU/lmtt/m/n/12 stormcast/ utils/ meanflow_loss.py

Overfull \hbox (55.40318pt too wide) in paragraph at lines 390--391
\TU/TimesNewRoman(0)/m/n/12 (\TU/lmtt/m/n/12 MeanFlowLoss\TU/TimesNewRoman(0)/m
/n/12 ); preconditioner \TU/lmtt/m/n/12 stormcast/ utils/ meanflow_precond.py \
TU/TimesNewRoman(0)/m/n/12 (\TU/lmtt/m/n/12 MeanFlowPrecond\TU/TimesNewRoman(0)
/m/n/12 );

Overfull \hbox (26.61482pt too wide) in paragraph at lines 390--391
\TU/TimesNewRoman(0)/m/n/12 configs \TU/lmtt/m/n/12 stormcast/ config/ meanflow
.yaml\TU/TimesNewRoman(0)/m/n/12 , \TU/lmtt/m/n/12 stormcast/ config/ model/ me
anflow.yaml\TU/TimesNewRoman(0)/m/n/12 ,

Overfull \hbox (11.86821pt too wide) in paragraph at lines 390--391
\TU/TimesNewRoman(0)/m/n/12 in \TU/lmtt/m/n/12 stormcast/ utils/ nn.py\TU/Times
NewRoman(0)/m/n/12 . The numerical hyperparameters are tabulated in Appendix []
. 

LaTeX Warning: Reference `sec:method-meanflow' on page 58 undefined on input li
ne 396.


Underfull \vbox (badness 10000) has occurred while \output is active [58]

LaTeX Warning: Reference `sec:exp-qpw' on page 59 undefined on input line 402.


LaTeX Warning: Reference `alg:flowcast' on page 59 undefined on input line 408.



Underfull \vbox (badness 10000) has occurred while \output is active [59]
Overfull \hbox (36.20679pt too wide) in paragraph at lines 416--417
[]\TU/TimesNewRoman(0)/m/n/12 All runs use PyTorch with \TU/lmtt/m/n/12 torchru
n -- standalone -- nnodes=1 -- nproc_per_node=N
) (./contents/chapter04.tex
Overfull \hbox (8.06088pt too wide) in paragraph at lines 420--2
\TU/TimesNewRoman(0)/m/n/12 together with CSV loss logs and, every $\OML/cmm/m/
it/12 V$ \TU/TimesNewRoman(0)/m/n/12 iterations, validation heatmap and power-s
pectrum

Overfull \hbox (26.01709pt too wide) in paragraph at lines 420--2
\TU/TimesNewRoman(0)/m/n/12 for FlowCast and MeanFlow, the EMA shadow (\TU/lmtt
/m/n/12 ema_state.pt\TU/TimesNewRoman(0)/m/n/12 ) by a \TU/lmtt/m/n/12 checkpoi
nt_latest.pt
[60]
Chapter 4.

LaTeX Warning: Reference `ch:method' on page 61 undefined on input line 6.


LaTeX Warning: Reference `sec:exp-protocol' on page 61 undefined on input line 
6.


LaTeX Warning: Reference `sec:exp-metrics' on page 61 undefined on input line 6
.


LaTeX Warning: Reference `sec:exp-main' on page 61 undefined on input line 6.


LaTeX Warning: Reference `sec:exp-nfe' on page 61 undefined on input line 6.


LaTeX Warning: Reference `sec:exp-precip' on page 61 undefined on input line 6.



LaTeX Warning: Reference `sec:exp-rollout' on page 61 undefined on input line 6
.


LaTeX Warning: Reference `sec:exp-log1p' on page 61 undefined on input line 6.


LaTeX Warning: Reference `sec:exp-qpw' on page 61 undefined on input line 6.


LaTeX Warning: Reference `sec:exp-legacy' on page 61 undefined on input line 6.



LaTeX Warning: Reference `sec:exp-qual' on page 61 undefined on input line 6.


LaTeX Warning: Reference `sec:exp-failure' on page 61 undefined on input line 6
.


LaTeX Warning: Reference `sec:exp-discussion' on page 61 undefined on input lin
e 6.


LaTeX Warning: Reference `sec:method-data' on page 61 undefined on input line 1
2.


Overfull \hbox (19.78807pt too wide) in paragraph at lines 12--13
\TU/TimesNewRoman(0)/m/n/12 validation store (8,759 hourly samples; Section [])
. This contrasts with the stale \TU/lmtt/m/n/12 valid_dates

Underfull \vbox (badness 10000) has occurred while \output is active [61]

LaTeX Warning: Reference `sec:exp-nfe' on page 62 undefined on input line 18.


LaTeX Warning: Reference `eq:meanflow-sampler' on page 62 undefined on input li
ne 18.


LaTeX Warning: Reference `sec:exp-nfe' on page 62 undefined on input line 18.


LaTeX Warning: Reference `sec:method-flowcast' on page 62 undefined on input li
ne 18.

[62]
Overfull \hbox (13.05392pt too wide) in paragraph at lines 28--29
[]\TU/TimesNewRoman(0)/m/n/12 All metrics are computed on denormalised fields w
ith physical units (K, ms$[]$, mmh$[]$). 

Overfull \hbox (79.52882pt too wide) detected at line 43
[][][][]\OT1/cmr/m/n/12 (\OML/cmm/m/it/12 ^^\\OT1/cmr/m/n/12 ) = []\OML/cmm/m/i
t/12 ;  []\OT1/cmr/m/n/12 (\OML/cmm/m/it/12 ^^\\OT1/cmr/m/n/12 ) = []\OML/cmm/m
/it/12 ;  []\OT1/cmr/m/n/12 (\OML/cmm/m/it/12 ^^\\OT1/cmr/m/n/12 ) = []\OML/cmm
/m/it/12 ;
[63]

LaTeX Warning: Reference `tab:main-scoreboard' on page 64 undefined on input li
ne 60.


LaTeX Warning: Reference `fig:scoreboard' on page 64 undefined on input line 60
.


Underfull \vbox (badness 6725) has occurred while \output is active [64]
Overfull \hbox (95.32573pt too wide) in paragraph at lines 68--81
 [][] 

LaTeX Warning: Reference `sec:exp-precip' on page 65 undefined on input line 90
.


LaTeX Warning: Reference `tab:main-scoreboard' on page 65 undefined on input li
ne 90.


LaTeX Warning: Reference `fig:rmse-channel' on page 65 undefined on input line 
90.

[65]

LaTeX Warning: Reference `fig:rmse-channel' on page 66 undefined on input line 
92.


LaTeX Warning: Reference `sec:exp-failure' on page 66 undefined on input line 9
2.


LaTeX Warning: Reference `sec:exp-nfe' on page 66 undefined on input line 92.

[66]

LaTeX Warning: Reference `sec:exp-nfe' on page 67 undefined on input line 94.


LaTeX Warning: Reference `sec:exp-failure' on page 67 undefined on input line 9
4.


LaTeX Warning: Reference `ch:conclusion' on page 67 undefined on input line 94.



LaTeX Warning: Reference `fig:rmse-channel' on page 67 undefined on input line 
96.


LaTeX Warning: Reference `fig:crps-channel' on page 67 undefined on input line 
96.

[67]

LaTeX Warning: Reference `tab:main-scoreboard' on page 68 undefined on input li
ne 118.


LaTeX Warning: Reference `fig:nfe' on page 68 undefined on input line 118.

[68]

LaTeX Warning: Reference `tab:main-scoreboard' on page 69 undefined on input li
ne 123.


LaTeX Warning: Reference `tab:main-scoreboard' on page 69 undefined on input li
ne 123.


LaTeX Warning: Reference `tab:main-scoreboard' on page 69 undefined on input li
ne 123.


LaTeX Warning: Reference `tab:main-scoreboard' on page 69 undefined on input li
ne 123.


LaTeX Warning: Reference `tab:nfe' on page 69 undefined on input line 127.


LaTeX Warning: Reference `tab:nfe-meanflow' on page 69 undefined on input line 
127.


LaTeX Warning: Reference `fig:nfe' on page 69 undefined on input line 127.


Overfull \hbox (17.54796pt too wide) in paragraph at lines 127--128
\TU/TimesNewRoman(0)/m/n/12 Two systematic trends sit underneath FlowCast’s CRP
S saturation. First, CRPS and ensemble-
[69]

LaTeX Warning: Reference `fig:nfe' on page 70 undefined on input line 131.


LaTeX Warning: Reference `fig:nfe' on page 70 undefined on input line 131.


LaTeX Warning: Reference `tab:nfe-meanflow' on page 70 undefined on input line 
158.


LaTeX Warning: Reference `fig:nfe' on page 70 undefined on input line 158.


LaTeX Warning: Reference `tab:nfe' on page 70 undefined on input line 158.


LaTeX Warning: Reference `sec:exp-failure' on page 70 undefined on input line 1
58.

[70]

LaTeX Warning: Reference `fig:nfe' on page 71 undefined on input line 162.


LaTeX Warning: Reference `tab:nfe' on page 71 undefined on input line 162.


LaTeX Warning: Reference `fig:nfe' on page 71 undefined on input line 162.


LaTeX Warning: Reference `tab:nfe' on page 71 undefined on input line 162.


LaTeX Warning: Reference `sec:intro-cost' on page 71 undefined on input line 18
9.

[71]

LaTeX Warning: Reference `fig:csi-threshold' on page 72 undefined on input line
 195.


LaTeX Warning: Reference `fig:fss' on page 72 undefined on input line 195.

[72]

LaTeX Warning: Reference `fig:fss' on page 73 undefined on input line 206.


LaTeX Warning: Reference `ch:conclusion' on page 73 undefined on input line 206
.


LaTeX Warning: Reference `fig:rollout' on page 73 undefined on input line 219.

[73]

LaTeX Warning: Reference `tab:log1p' on page 74 undefined on input line 234.


Underfull \vbox (badness 10000) has occurred while \output is active [74]

LaTeX Warning: Reference `sec:exp-main' on page 75 undefined on input line 253.


[75]

LaTeX Warning: Reference `tab:qpw' on page 76 undefined on input line 259.

[76]

LaTeX Warning: Reference `tab:legacy' on page 77 undefined on input line 288.


Overfull \hbox (4.58835pt too wide) in paragraph at lines 288--289
[]\TU/TimesNewRoman(0)/m/n/12 To place the cleaned-pipeline heads in context, T
able [] adds the legacy old-StormCast

LaTeX Warning: Reference `sec:method-data' on page 77 undefined on input line 2
92.


LaTeX Warning: Reference `sec:method-data' on page 77 undefined on input line 2
92.


Overfull \hbox (4.48808pt too wide) in paragraph at lines 296--306
 [][] 
[77]

LaTeX Warning: Reference `fig:qual-qpepre' on page 78 undefined on input line 3
14.


LaTeX Warning: Reference `fig:qual-u10' on page 78 undefined on input line 314.



LaTeX Warning: Reference `fig:flowcast-spectrum' on page 78 undefined on input 
line 339.


Underfull \vbox (badness 10000) has occurred while \output is active [78]
[79]

LaTeX Warning: Reference `fig:csi-threshold' on page 80 undefined on input line
 363.

[80]

LaTeX Warning: Reference `fig:rollout' on page 81 undefined on input line 365.


LaTeX Warning: Reference `tab:nfe-meanflow' on page 81 undefined on input line 
367.


LaTeX Warning: Reference `tab:main-scoreboard' on page 81 undefined on input li
ne 367.


LaTeX Warning: Reference `sec:exp-nfe' on page 81 undefined on input line 367.


LaTeX Warning: Reference `tab:nfe-meanflow' on page 81 undefined on input line 
367.


LaTeX Warning: Reference `tab:main-scoreboard' on page 81 undefined on input li
ne 367.


LaTeX Warning: Reference `ch:conclusion' on page 81 undefined on input line 367
.

[81]
Overfull \hbox (2.6821pt too wide) in paragraph at lines 375--376
[]\TU/TimesNewRoman(0)/m/n/12 The headline question of the thesis is whether a 
single-run, teacher-free flow-matching

LaTeX Warning: Reference `ch:conclusion' on page 82 undefined on input line 377
.


LaTeX Warning: Reference `sec:exp-log1p' on page 82 undefined on input line 377
.

) (./contents/chapter05.tex [82] [83] [84]
Chapter 5.

Underfull \vbox (badness 10000) has occurred while \output is active [85]

LaTeX Warning: Reference `sec:exp-protocol' on page 86 undefined on input line 
18.

[86]

LaTeX Warning: Reference `sec:exp-failure' on page 87 undefined on input line 2
6.

[87] [88])
Overfull \hbox (28.3981pt too wide) in paragraph at lines 46--45
[]\TU/TimesNewRoman(0)/m/n/12 Generative modelling is almost certainly the righ
t inductive bias for short-range convective-
[89] [90] (./main.bbl [91]
Underfull \hbox (badness 1424) in paragraph at lines 53--56
[]\TU/TimesNewRoman(0)/m/n/12 J. Ho and T. Salimans.  Classifier-free diffusion
 guidance.  |   []   |   []
[92] [93] [94]) (./back/appendix01.tex [95] [96]

LaTeX Warning: Reference `sec:method-baseline' on page 97 undefined on input li
ne 8.


Overfull \hbox (46.77966pt too wide) in paragraph at lines 28--29
[]\TU/TimesNewRoman(0)/m/n/12 Hyperparameters copied from \TU/lmtt/m/n/12 storm
cast/ config/ model/ flowcast.yaml \TU/TimesNewRoman(0)/m/n/12 and \TU/lmtt/m/n
/12 stormcast/

Underfull \vbox (badness 10000) has occurred while \output is active [97]
Underfull \vbox (badness 10000) has occurred while \output is active [98]
Overfull \hbox (46.77966pt too wide) in paragraph at lines 62--63
[]\TU/TimesNewRoman(0)/m/n/12 Hyperparameters copied from \TU/lmtt/m/n/12 storm
cast/ config/ model/ meanflow.yaml \TU/TimesNewRoman(0)/m/n/12 and \TU/lmtt/m/n
/12 stormcast/

Overfull \hbox (4.4379pt too wide) in paragraph at lines 62--63
\TU/lmtt/m/n/12 config/ training/ meanflow.yaml\TU/TimesNewRoman(0)/m/n/12 . Ev
erything shared with FlowCast (optimiser, sched-

Overfull \hbox (20.57216pt too wide) in paragraph at lines 62--63
\TU/TimesNewRoman(0)/m/n/12 ule, conditioning, backbone, channel/ spectral weig
hts, EMA) is kept |   [] so the FlowCast-

Underfull \vbox (badness 10000) has occurred while \output is active [99]
Underfull \vbox (badness 10000) has occurred while \output is active [100]

LaTeX Warning: Reference `ch:experiments' on page 101 undefined on input line 9
7.


LaTeX Warning: Reference `sec:exp-log1p' on page 101 undefined on input line 97
.


LaTeX Warning: Reference `sec:exp-qpw' on page 101 undefined on input line 97.


Underfull \vbox (badness 10000) has occurred while \output is active [101]

LaTeX Warning: Reference `sec:exp-log1p' on page 102 undefined on input line 10
3.


LaTeX Warning: Reference `sec:exp-qpw' on page 102 undefined on input line 104.



LaTeX Warning: Reference `sec:exp-nfe' on page 102 undefined on input line 105.



Overfull \hbox (335.22983pt too wide) in paragraph at lines 99--108
 [] 
) (./back/appendix02.tex [102]
Overfull \hbox (18.91425pt too wide) in paragraph at lines 8--10
[]\TU/TimesNewRoman(0)/m/n/12 The full training and evaluation code for this th
esis lives in the \TU/lmtt/m/n/12 Stormcast- Distilation

Overfull \hbox (1.38506pt too wide) in paragraph at lines 11--12
[]\TU/lmtt/m/n/12 stormcast/ train_flowcast.py \TU/TimesNewRoman(0)/m/n/12 — Fl
owCast (Conditional Flow Matching) train-
[103]
Overfull \hbox (52.99176pt too wide) in paragraph at lines 16--17
[]\TU/lmtt/m/n/12 stormcast/ utils/ flowcast_precond.py \TU/TimesNewRoman(0)/m/
n/12 / \TU/lmtt/m/n/12 meanflow_precond.py \TU/TimesNewRoman(0)/m/n/12 — \TU/lm
tt/m/n/12 FlowCastPrecond

Overfull \hbox (158.88866pt too wide) in paragraph at lines 17--18
[]\TU/lmtt/m/n/12 stormcast/ utils/ nn.py \TU/TimesNewRoman(0)/m/n/12 — \TU/lmt
t/m/n/12 get_preconditioned_architecture\TU/TimesNewRoman(0)/m/n/12 , \TU/lmtt/
m/n/12 build_network_condition_and_target\TU/TimesNewRoman(0)/m/n/12 ,

Overfull \hbox (115.6378pt too wide) in paragraph at lines 17--18
\TU/TimesNewRoman(0)/m/n/12 and the samplers \TU/lmtt/m/n/12 diffusion_model_fo
rward \TU/TimesNewRoman(0)/m/n/12 / \TU/lmtt/m/n/12 flowcast_model_forward \TU/
TimesNewRoman(0)/m/n/12 / \TU/lmtt/m/n/12 meanflow_model_forward\TU/TimesNewRom
an(0)/m/n/12 . 

LaTeX Warning: Reference `ch:experiments' on page 104 undefined on input line 1
8.


LaTeX Warning: Reference `fig:nfe' on page 104 undefined on input line 19.


LaTeX Warning: Reference `tab:nfe' on page 104 undefined on input line 19.


LaTeX Warning: Reference `ch:experiments' on page 104 undefined on input line 2
1.


Overfull \hbox (24.63173pt too wide) in paragraph at lines 21--22
[]\TU/lmtt/m/n/12 experiment_scripts/ make_thesis_figures.py \TU/TimesNewRoman(
0)/m/n/12 / \TU/lmtt/m/n/12 make_thesis_qualitative.sh
[104]

LaTeX Warning: Reference `sec:method-data' on page 105 undefined on input line 
30.


LaTeX Warning: Reference `ch:experiments' on page 105 undefined on input line 3
7.

[105]
Overfull \hbox (1.55957pt too wide) in paragraph at lines 75--76
[] [] \TU/TimesNewRoman(0)/b/n/12 Auto-resume.[] \TU/TimesNewRoman(0)/m/n/12 Re
-running the same command picks up from the latest checkpoint; Flow-

Overfull \hbox (49.20714pt too wide) in paragraph at lines 75--76
\TU/TimesNewRoman(0)/m/n/12 Cast and MeanFlow restore both \TU/lmtt/m/n/12 chec
kpoints_{flowcast,meanflow}/ checkpoint_latest.pt

Underfull \vbox (badness 1072) has occurred while \output is active [106]

LaTeX Warning: Reference `ch:experiments' on page 107 undefined on input line 7
7.


Overfull \hbox (31.52353pt too wide) in paragraph at lines 77--78
[] [] \TU/TimesNewRoman(0)/b/n/12 Head-to-head evaluation.[] \TU/TimesNewRoman(
0)/m/n/12 The scoreboard, per-threshold, FSS, CRPS, rollout, and qualitative-

Overfull \hbox (51.16507pt too wide) in paragraph at lines 81--82
\TU/TimesNewRoman(0)/m/n/12 which runs \TU/lmtt/m/n/12 compare_diffusion_vs_flo
wcast.py \TU/TimesNewRoman(0)/m/n/12 (with the MeanFlow leg at \TU/lmtt/m/n/12 
MEANFLOW_NFES="1

LaTeX Warning: Reference `fig:nfe' on page 107 undefined on input line 83.


LaTeX Warning: Reference `tab:nfe' on page 107 undefined on input line 83.


LaTeX Warning: Reference `tab:nfe-meanflow' on page 107 undefined on input line
 83.


LaTeX Warning: Reference `ch:experiments' on page 107 undefined on input line 9
4.

[107]

LaTeX Warning: Reference `ch:experiments' on page 108 undefined on input line 9
6.

) (./back/appendix03.tex [108]

LaTeX Warning: Reference `ch:background' on page 109 undefined on input line 6.



LaTeX Warning: Reference `ch:background' on page 109 undefined on input line 6.



LaTeX Warning: Reference `eq:app-marginal-claim' on page 109 undefined on input
 line 23.


Underfull \vbox (badness 10000) has occurred while \output is active [109]

LaTeX Warning: Reference `eq:app-marginal-claim' on page 110 undefined on input
 line 37.


Package hyperref Warning: Token not allowed in a PDF string (Unicode):
(hyperref)                removing `math shift' on input line 42.


Package hyperref Warning: Token not allowed in a PDF string (Unicode):
(hyperref)                removing `subscript' on input line 42.


Package hyperref Warning: Token not allowed in a PDF string (Unicode):
(hyperref)                removing `\mid' on input line 42.


Package hyperref Warning: Token not allowed in a PDF string (Unicode):
(hyperref)                removing `subscript' on input line 42.


Package hyperref Warning: Token not allowed in a PDF string (Unicode):
(hyperref)                removing `subscript' on input line 42.


Package hyperref Warning: Token not allowed in a PDF string (Unicode):
(hyperref)                removing `math shift' on input line 42.


Underfull \vbox (badness 10000) has occurred while \output is active [110]
Underfull \vbox (badness 10000) has occurred while \output is active [111]

LaTeX Warning: Reference `eq:app-tildebeta' on page 112 undefined on input line
 75.


LaTeX Warning: Reference `eq:app-tildemu' on page 112 undefined on input line 7
5.


LaTeX Warning: Reference `eq:ddpm-posterior-params' on page 112 undefined on in
put line 75.


Overfull \hbox (89.56038pt too wide) detected at line 100
\OMS/cmsy/m/n/12 ^^@ [] \OML/cmm/m/it/12 p[]\OT1/cmr/m/n/12 (\OML/cmm/m/it/12 x
[]\OT1/cmr/m/n/12 ) \OMS/cmsy/m/n/12 ^^T \U/msb/m/n/12 E[] [] [] \OT1/cmr/m/n/1
2 + [] [] \OMS/cmsy/m/n/12 ^^@ [] []\OML/cmm/m/it/12 ;

Underfull \vbox (badness 10000) has occurred while \output is active [112]

LaTeX Warning: Reference `eq:ddpm-elbo' on page 113 undefined on input line 101
.


Package natbib Warning: Citation `ho2020ddpm' on page 113 undefined on input li
ne 106.


Package hyperref Warning: Token not allowed in a PDF string (Unicode):
(hyperref)                removing `math shift' on input line 110.


Package hyperref Warning: Token not allowed in a PDF string (Unicode):
(hyperref)                removing `\epsilon' on input line 110.


Package hyperref Warning: Token not allowed in a PDF string (Unicode):
(hyperref)                removing `math shift' on input line 110.


Overfull \hbox (9.58148pt too wide) in paragraph at lines 115--116
[] [] \TU/TimesNewRoman(0)/b/n/12 KL between two Gaussians with matched covaria
nce.[] \TU/TimesNewRoman(0)/m/n/12 For two Gaussians $\OML/cmm/m/it/12 p \OT1/c
mr/m/n/12 = \OMS/cmsy/m/n/12 N\OT1/cmr/m/n/12 (\OML/cmm/m/it/12 ^^V[]; \OT1/cmr
/m/n/12 ^^F)$

LaTeX Warning: Reference `eq:app-tildebeta' on page 113 undefined on input line
 120.


LaTeX Warning: Reference `eq:app-tildemu' on page 113 undefined on input line 1
25.


Overfull \hbox (25.76791pt too wide) in paragraph at lines 125--126
[] [] \TU/TimesNewRoman(0)/b/n/12 Reparameterisation in $\OML/cmm/m/it/12 ^^O$\
TU/TimesNewRoman(0)/b/n/12 .[] \TU/TimesNewRoman(0)/m/n/12 From $\OML/cmm/m/it/
12 x[] \OT1/cmr/m/n/12 = []\OML/cmm/m/it/12 x[] \OT1/cmr/m/n/12 + []\OML/cmm/m/
it/12 ^^O$ \TU/TimesNewRoman(0)/m/n/12 we have $\OML/cmm/m/it/12 x[] \OT1/cmr/m
/n/12 = (\OML/cmm/m/it/12 x[] \OMS/cmsy/m/n/12 ^^@ []\OML/cmm/m/it/12 ^^O\OT1/c
mr/m/n/12 )/[]$\TU/TimesNewRoman(0)/m/n/12 .
[113]

Package natbib Warning: Citation `ho2020ddpm' on page 114 undefined on input li
ne 138.


LaTeX Warning: Reference `eq:ddpm-simple' on page 114 undefined on input line 1
38.

[114]
Overfull \hbox (43.52554pt too wide) in paragraph at lines 156--157
[]\TU/TimesNewRoman(0)/m/n/12 Let $\OML/cmm/m/it/12 x[] \OMS/cmsy/m/n/12 ^^X \O
ML/cmm/m/it/12 p[]$ \TU/TimesNewRoman(0)/m/n/12 and $\OML/cmm/m/it/12 x \OT1/cm
r/m/n/12 = \OML/cmm/m/it/12 x[] \OT1/cmr/m/n/12 + \OML/cmm/m/it/12 ^^[^^O$ \TU/
TimesNewRoman(0)/m/n/12 with $\OML/cmm/m/it/12 ^^O \OMS/cmsy/m/n/12 ^^X N\OT1/c
mr/m/n/12 (0\OML/cmm/m/it/12 ; I\OT1/cmr/m/n/12 )$\TU/TimesNewRoman(0)/m/n/12 .
 Write $\OML/cmm/m/it/12 p[]\OT1/cmr/m/n/12 (\OML/cmm/m/it/12 x\OT1/cmr/m/n/12 
) = [] \OML/cmm/m/it/12 p[]\OT1/cmr/m/n/12 (\OML/cmm/m/it/12 x[]\OT1/cmr/m/n/12
 ) \OMS/cmsy/m/n/12 N\OT1/cmr/m/n/12 (\OML/cmm/m/it/12 x\OT1/cmr/m/n/12 ; \OML/
cmm/m/it/12 x[]; ^^[[]I\OT1/cmr/m/n/12 ) \OML/cmm/m/it/12 dx[]$\TU/TimesNewRoma
n(0)/m/n/12 .

LaTeX Warning: Reference `eq:app-tweedie' on page 115 undefined on input line 1
69.


Overfull \hbox (22.38525pt too wide) in paragraph at lines 168--170
|   []   |   [] \TU/TimesNewRoman(0)/m/n/12 are equivalent as learning objectiv
es: fitting $\OML/cmm/m/it/12 D[]$ \TU/TimesNewRoman(0)/m/n/12 to minimise $\U/
msb/m/n/12 E\OMS/cmsy/m/n/12 k\OML/cmm/m/it/12 D[]\OT1/cmr/m/n/12 (\OML/cmm/m/i
t/12 x\OT1/cmr/m/n/12 ; \OML/cmm/m/it/12 ^^[\OT1/cmr/m/n/12 ) \OMS/cmsy/m/n/12 
^^@
[115]

LaTeX Warning: Reference `eq:app-pfode' on page 116 undefined on input line 196
.


LaTeX Warning: Reference `eq:app-tweedie' on page 116 undefined on input line 1
96.


Package natbib Warning: Citation `song2021ddim' on page 116 undefined on input 
line 207.


Underfull \vbox (badness 10000) has occurred while \output is active [116]

LaTeX Warning: Reference `eq:app-ddpm-simple' on page 117 undefined on input li
ne 221.


Underfull \vbox (badness 10000) has occurred while \output is active [117]

LaTeX Warning: Reference `eq:app-ddim-vp' on page 118 undefined on input line 2
30.


LaTeX Warning: Reference `eq:app-pfode-denoiser' on page 118 undefined on input
 line 235.


LaTeX Warning: Reference `eq:app-ddim-ve' on page 118 undefined on input line 2
35.


LaTeX Warning: Reference `app:icfm' on page 118 undefined on input line 235.


Package hyperref Warning: Token not allowed in a PDF string (Unicode):
(hyperref)                removing `math shift' on input line 238.


Package hyperref Warning: Token not allowed in a PDF string (Unicode):
(hyperref)                removing `\epsilon' on input line 238.


Package hyperref Warning: Token not allowed in a PDF string (Unicode):
(hyperref)                removing `math shift' on input line 238.


Package hyperref Warning: Token not allowed in a PDF string (Unicode):
(hyperref)                removing `math shift' on input line 238.


Package hyperref Warning: Token not allowed in a PDF string (Unicode):
(hyperref)                removing `subscript' on input line 238.


Package hyperref Warning: Token not allowed in a PDF string (Unicode):
(hyperref)                removing `math shift' on input line 238.


Package hyperref Warning: Token not allowed in a PDF string (Unicode):
(hyperref)                removing `math shift' on input line 238.


Package hyperref Warning: Token not allowed in a PDF string (Unicode):
(hyperref)                removing `math shift' on input line 238.


Package natbib Warning: Citation `salimans2022progressive' on page 118 undefine
d on input line 241.


Underfull \vbox (badness 10000) has occurred while \output is active [118]

Package natbib Warning: Citation `salimans2022progressive' on page 119 undefine
d on input line 250.


LaTeX Warning: Reference `ch:method' on page 119 undefined on input line 250.


Package natbib Warning: Citation `karras2022elucidating' on page 119 undefined 
on input line 256.


Underfull \vbox (badness 5460) has occurred while \output is active [119]

Package natbib Warning: Citation `karras2022elucidating' on page 120 undefined 
on input line 279.


Underfull \vbox (badness 10000) has occurred while \output is active [120]

LaTeX Warning: Reference `eq:app-edm-weight' on page 121 undefined on input lin
e 310.


LaTeX Warning: Reference `eq:edm-precond' on page 121 undefined on input line 3
10.


Package hyperref Warning: Token not allowed in a PDF string (Unicode):
(hyperref)                removing `math shift' on input line 313.


Package hyperref Warning: Token not allowed in a PDF string (Unicode):
(hyperref)                removing `\rho' on input line 313.


Package hyperref Warning: Token not allowed in a PDF string (Unicode):
(hyperref)                removing `math shift' on input line 313.


LaTeX Warning: Reference `eq:app-pfode-denoiser' on page 121 undefined on input
 line 316.


Underfull \vbox (badness 10000) has occurred while \output is active [121]

Package natbib Warning: Citation `karras2022elucidating' on page 122 undefined 
on input line 320.


Package natbib Warning: Citation `pathak2024stormcast' on page 122 undefined on
 input line 320.


Package hyperref Warning: Token not allowed in a PDF string (Unicode):
(hyperref)                removing `math shift' on input line 323.


Package hyperref Warning: Token not allowed in a PDF string (Unicode):
(hyperref)                removing `math shift' on input line 323.


Underfull \vbox (badness 10000) has occurred while \output is active [122]
Underfull \vbox (badness 2846) has occurred while \output is active [123]

Package natbib Warning: Citation `liu2022rectifiedflow' on page 124 undefined o
n input line 371.


Package natbib Warning: Citation `tong2024improving' on page 124 undefined on i
nput line 371.


LaTeX Warning: Reference `ch:method' on page 124 undefined on input line 379.


LaTeX Warning: Reference `eq:app-icfm' on page 124 undefined on input line 379.


[124]

LaTeX Warning: Reference `sec:method-flowcast' on page 125 undefined on input l
ine 382.


Overfull \hbox (6.92444pt too wide) in paragraph at lines 382--383
[]\TU/TimesNewRoman(0)/b/n/12 Condition bundle. $\OML/cmm/m/it/12 v[]$ \TU/Time
sNewRoman(0)/m/n/12 is conditioned on $\OML/cmm/m/it/12 c[] \OT1/cmr/m/n/12 = [
](\OML/cmm/m/it/12 X[]; M[]; I\OT1/cmr/m/n/12 )$ \TU/TimesNewRoman(0)/m/n/12 (t
he low-resolution

LaTeX Warning: Reference `sec:method-qpepre' on page 125 undefined on input lin
e 384.

[125]

LaTeX Warning: Reference `app:cfm-theorem' on page 126 undefined on input line 
387.


LaTeX Warning: Reference `app:icfm' on page 126 undefined on input line 387.


LaTeX Warning: Reference `eq:flowcast-sampler' on page 126 undefined on input l
ine 387.

)

Package natbib Warning: There were undefined citations.

[126] (./main.aux

Package natbib Warning: Citation(s) may have changed.
(natbib)                Rerun to get citations correct.

)

LaTeX Font Warning: Size substitutions with differences
(Font)              up to 1.28pt have occurred.


LaTeX Warning: There were undefined references.


LaTeX Warning: Label(s) may have changed. Rerun to get cross-references right.


Package rerunfilecheck Warning: File `main.out' has changed.
(rerunfilecheck)                Rerun to get outlines right
(rerunfilecheck)                or use package `bookmark'.

 )
(see the transcript file for additional information)
Output written on main.xdv (147 pages, 2059968 bytes).
Transcript written on main.log.
Latexmk: Missing input file 'main.toc' (or dependence on it) from following:
  No file main.toc.
Latexmk: Missing input file 'main.lof' (or dependence on it) from following:
  No file main.lof.
Latexmk: Missing input file 'main.lot' (or dependence on it) from following:
  No file main.lot.
Latexmk: Getting log file 'main.log'
Latexmk: Examining 'main.fls'
Latexmk: Examining 'main.log'
Latexmk: References changed.
Latexmk: Found input bbl file 'main.bbl'
Latexmk: References changed.
Latexmk: References changed.
Latexmk: References changed.
Latexmk: Log file says output to 'main.xdv'
Latexmk: Found bibliography file(s):
  ./back/references.bib
Latexmk: applying rule 'bibtex main'...
Rule 'bibtex main':  Reasons for rerun
Category 'other':
  Rerun of 'bibtex main' forced or previously required:
    Reason or flag: 'Initial set up of rule'

------------
Run number 1 of rule 'bibtex main'
------------
------------
Running 'bibtex  "main.aux"'
------------
This is BibTeX, Version 0.99d (TeX Live 2023/Debian)
The top-level auxiliary file: main.aux
The style file: abbrvnat.bst
Database file #1: back/references.bib
Latexmk: applying rule 'xelatex'...
Rule 'xelatex':  Reasons for rerun
Changed files or newly in use/created:
  main.aux
  main.bbl
  main.lof
  main.lot
  main.out
  main.toc

------------
Run number 2 of rule 'xelatex'
------------
------------
Running 'xelatex -no-pdf -interaction=nonstopmode -recorder  "main.tex"'
------------
This is XeTeX, Version 3.141592653-2.6-0.999995 (TeX Live 2023/Debian) (preloaded format=xelatex)
 restricted \write18 enabled.
entering extended mode
(./main.tex
LaTeX2e <2023-11-01> patch level 1
L3 programming layer <2024-01-22>
(./ntuthesis.cls
Document Class: ntuthesis 2020/05/01 v2.0 NTU Thesis Template
(/usr/share/texlive/texmf-dist/tex/generic/kvdefinekeys/kvdefinekeys.sty)
(/usr/share/texlive/texmf-dist/tex/latex/kvsetkeys/kvsetkeys.sty)
(/usr/share/texlive/texmf-dist/tex/latex/kvoptions/kvoptions.sty
(/usr/share/texlive/texmf-dist/tex/latex/graphics/keyval.sty)
(/usr/share/texlive/texmf-dist/tex/generic/ltxcmds/ltxcmds.sty))
(/usr/share/texlive/texmf-dist/tex/generic/iftex/iftex.sty)
(/usr/share/texlive/texmf-dist/tex/latex/base/ifthen.sty)
(/usr/share/texlive/texmf-dist/tex/latex/base/report.cls
Document Class: report 2023/05/17 v1.4n Standard LaTeX document class
(/usr/share/texlive/texmf-dist/tex/latex/base/size12.clo))
(/usr/share/texlive/texmf-dist/tex/latex/l3packages/xparse/xparse.sty
(/usr/share/texlive/texmf-dist/tex/latex/l3kernel/expl3.sty
(/usr/share/texlive/texmf-dist/tex/latex/l3backend/l3backend-xetex.def)))
(/usr/share/texlive/texmf-dist/tex/xelatex/xecjk/xeCJK.sty
(/usr/share/texlive/texmf-dist/tex/latex/ctex/ctexhook.sty)
(/usr/share/texlive/texmf-dist/tex/latex/l3packages/xtemplate/xtemplate.sty)
(/usr/share/texlive/texmf-dist/tex/latex/fontspec/fontspec.sty
(/usr/share/texlive/texmf-dist/tex/latex/fontspec/fontspec-xetex.sty
(/usr/share/texlive/texmf-dist/tex/latex/base/fontenc.sty)
(/usr/share/texlive/texmf-dist/tex/latex/fontspec/fontspec.cfg)))
(/usr/share/texlive/texmf-dist/tex/xelatex/xecjk/xeCJK.cfg))
(/usr/share/texlive/texmf-dist/tex/latex/tools/indentfirst.sty)
(/usr/share/texlive/texmf-dist/tex/latex/xcolor/xcolor.sty
(/usr/share/texlive/texmf-dist/tex/latex/graphics-cfg/color.cfg)
(/usr/share/texlive/texmf-dist/tex/latex/graphics-def/xetex.def)
(/usr/share/texlive/texmf-dist/tex/latex/graphics/mathcolor.ltx))
(/usr/share/texlive/texmf-dist/tex/latex/titlesec/titlesec.sty)
(/usr/share/texlive/texmf-dist/tex/latex/titlesec/titletoc.sty)
(/usr/share/texlive/texmf-dist/tex/latex/tocloft/tocloft.sty)
(/usr/share/texlive/texmf-dist/tex/latex/fancyhdr/fancyhdr.sty)
(/usr/share/texlive/texmf-dist/tex/latex/setspace/setspace.sty)
(/usr/share/texlive/texmf-dist/tex/latex/graphics/graphicx.sty
(/usr/share/texlive/texmf-dist/tex/latex/graphics/graphics.sty
(/usr/share/texlive/texmf-dist/tex/latex/graphics/trig.sty)
(/usr/share/texlive/texmf-dist/tex/latex/graphics-cfg/graphics.cfg)))
(/usr/share/texlive/texmf-dist/tex/latex/eso-pic/eso-pic.sty)
(/usr/share/texlive/texmf-dist/tex/latex/pgf/frontendlayer/tikz.sty
(/usr/share/texlive/texmf-dist/tex/latex/pgf/basiclayer/pgf.sty
(/usr/share/texlive/texmf-dist/tex/latex/pgf/utilities/pgfrcs.sty
(/usr/share/texlive/texmf-dist/tex/generic/pgf/utilities/pgfutil-common.tex)
(/usr/share/texlive/texmf-dist/tex/generic/pgf/utilities/pgfutil-latex.def)
(/usr/share/texlive/texmf-dist/tex/generic/pgf/utilities/pgfrcs.code.tex
(/usr/share/texlive/texmf-dist/tex/generic/pgf/pgf.revision.tex)))
(/usr/share/texlive/texmf-dist/tex/latex/pgf/basiclayer/pgfcore.sty
(/usr/share/texlive/texmf-dist/tex/latex/pgf/systemlayer/pgfsys.sty
(/usr/share/texlive/texmf-dist/tex/generic/pgf/systemlayer/pgfsys.code.tex
(/usr/share/texlive/texmf-dist/tex/generic/pgf/utilities/pgfkeys.code.tex
(/usr/share/texlive/texmf-dist/tex/generic/pgf/utilities/pgfkeyslibraryfiltered
.code.tex)) (/usr/share/texlive/texmf-dist/tex/generic/pgf/systemlayer/pgf.cfg)
(/usr/share/texlive/texmf-dist/tex/generic/pgf/systemlayer/pgfsys-xetex.def
(/usr/share/texlive/texmf-dist/tex/generic/pgf/systemlayer/pgfsys-dvipdfmx.def
(/usr/share/texlive/texmf-dist/tex/generic/pgf/systemlayer/pgfsys-common-pdf.de
f))))
(/usr/share/texlive/texmf-dist/tex/generic/pgf/systemlayer/pgfsyssoftpath.code.
tex)
(/usr/share/texlive/texmf-dist/tex/generic/pgf/systemlayer/pgfsysprotocol.code.
tex))
(/usr/share/texlive/texmf-dist/tex/generic/pgf/basiclayer/pgfcore.code.tex
(/usr/share/texlive/texmf-dist/tex/generic/pgf/math/pgfmath.code.tex
(/usr/share/texlive/texmf-dist/tex/generic/pgf/math/pgfmathutil.code.tex)
(/usr/share/texlive/texmf-dist/tex/generic/pgf/math/pgfmathparser.code.tex)
(/usr/share/texlive/texmf-dist/tex/generic/pgf/math/pgfmathfunctions.code.tex)
(/usr/share/texlive/texmf-dist/tex/generic/pgf/math/pgfmathfunctions.basic.code
.tex)
(/usr/share/texlive/texmf-dist/tex/generic/pgf/math/pgfmathfunctions.trigonomet
ric.code.tex)
(/usr/share/texlive/texmf-dist/tex/generic/pgf/math/pgfmathfunctions.random.cod
e.tex)
(/usr/share/texlive/texmf-dist/tex/generic/pgf/math/pgfmathfunctions.comparison
.code.tex)
(/usr/share/texlive/texmf-dist/tex/generic/pgf/math/pgfmathfunctions.base.code.
tex)
(/usr/share/texlive/texmf-dist/tex/generic/pgf/math/pgfmathfunctions.round.code
.tex)
(/usr/share/texlive/texmf-dist/tex/generic/pgf/math/pgfmathfunctions.misc.code.
tex)
(/usr/share/texlive/texmf-dist/tex/generic/pgf/math/pgfmathfunctions.integerari
thmetics.code.tex)
(/usr/share/texlive/texmf-dist/tex/generic/pgf/math/pgfmathcalc.code.tex)
(/usr/share/texlive/texmf-dist/tex/generic/pgf/math/pgfmathfloat.code.tex))
(/usr/share/texlive/texmf-dist/tex/generic/pgf/math/pgfint.code.tex)
(/usr/share/texlive/texmf-dist/tex/generic/pgf/basiclayer/pgfcorepoints.code.te
x)
(/usr/share/texlive/texmf-dist/tex/generic/pgf/basiclayer/pgfcorepathconstruct.
code.tex)
(/usr/share/texlive/texmf-dist/tex/generic/pgf/basiclayer/pgfcorepathusage.code
.tex)
(/usr/share/texlive/texmf-dist/tex/generic/pgf/basiclayer/pgfcorescopes.code.te
x)
(/usr/share/texlive/texmf-dist/tex/generic/pgf/basiclayer/pgfcoregraphicstate.c
ode.tex)
(/usr/share/texlive/texmf-dist/tex/generic/pgf/basiclayer/pgfcoretransformation
s.code.tex)
(/usr/share/texlive/texmf-dist/tex/generic/pgf/basiclayer/pgfcorequick.code.tex
)
(/usr/share/texlive/texmf-dist/tex/generic/pgf/basiclayer/pgfcoreobjects.code.t
ex)
(/usr/share/texlive/texmf-dist/tex/generic/pgf/basiclayer/pgfcorepathprocessing
.code.tex)
(/usr/share/texlive/texmf-dist/tex/generic/pgf/basiclayer/pgfcorearrows.code.te
x)
(/usr/share/texlive/texmf-dist/tex/generic/pgf/basiclayer/pgfcoreshade.code.tex
)
(/usr/share/texlive/texmf-dist/tex/generic/pgf/basiclayer/pgfcoreimage.code.tex
)
(/usr/share/texlive/texmf-dist/tex/generic/pgf/basiclayer/pgfcoreexternal.code.
tex)
(/usr/share/texlive/texmf-dist/tex/generic/pgf/basiclayer/pgfcorelayers.code.te
x)
(/usr/share/texlive/texmf-dist/tex/generic/pgf/basiclayer/pgfcoretransparency.c
ode.tex)
(/usr/share/texlive/texmf-dist/tex/generic/pgf/basiclayer/pgfcorepatterns.code.
tex)
(/usr/share/texlive/texmf-dist/tex/generic/pgf/basiclayer/pgfcorerdf.code.tex))
)
(/usr/share/texlive/texmf-dist/tex/generic/pgf/modules/pgfmoduleshapes.code.tex
) (/usr/share/texlive/texmf-dist/tex/generic/pgf/modules/pgfmoduleplot.code.tex
)
(/usr/share/texlive/texmf-dist/tex/latex/pgf/compatibility/pgfcomp-version-0-65
.sty)
(/usr/share/texlive/texmf-dist/tex/latex/pgf/compatibility/pgfcomp-version-1-18
.sty)) (/usr/share/texlive/texmf-dist/tex/latex/pgf/utilities/pgffor.sty
(/usr/share/texlive/texmf-dist/tex/latex/pgf/utilities/pgfkeys.sty
(/usr/share/texlive/texmf-dist/tex/generic/pgf/utilities/pgfkeys.code.tex))
(/usr/share/texlive/texmf-dist/tex/latex/pgf/math/pgfmath.sty
(/usr/share/texlive/texmf-dist/tex/generic/pgf/math/pgfmath.code.tex))
(/usr/share/texlive/texmf-dist/tex/generic/pgf/utilities/pgffor.code.tex))
(/usr/share/texlive/texmf-dist/tex/generic/pgf/frontendlayer/tikz/tikz.code.tex

(/usr/share/texlive/texmf-dist/tex/generic/pgf/libraries/pgflibraryplothandlers
.code.tex)
(/usr/share/texlive/texmf-dist/tex/generic/pgf/modules/pgfmodulematrix.code.tex
)
(/usr/share/texlive/texmf-dist/tex/generic/pgf/frontendlayer/tikz/libraries/tik
zlibrarytopaths.code.tex)))
(/usr/share/texlive/texmf-dist/tex/latex/pdfpages/pdfpages.sty
(/usr/share/texlive/texmf-dist/tex/latex/tools/calc.sty)
(/usr/share/texlive/texmf-dist/tex/latex/pdfpages/ppxetex.def))
(/usr/share/texlive/texmf-dist/tex/latex/tools/tabularx.sty
(/usr/share/texlive/texmf-dist/tex/latex/tools/array.sty))
(/usr/share/texlive/texmf-dist/tex/latex/booktabs/booktabs.sty)
(/usr/share/texlive/texmf-dist/tex/latex/multirow/multirow.sty)
(/usr/share/texlive/texmf-dist/tex/latex/diagbox/diagbox.sty
(/usr/share/texlive/texmf-dist/tex/latex/pict2e/pict2e.sty
(/usr/share/texlive/texmf-dist/tex/latex/pict2e/pict2e.cfg)
(/usr/share/texlive/texmf-dist/tex/latex/pict2e/p2e-xetex.def)))
(/usr/share/texlive/texmf-dist/tex/latex/tools/longtable.sty)
(/usr/share/texlive/texmf-dist/tex/latex/datetime/datetime.sty
(/usr/share/texlive/texmf-dist/tex/latex/etoolbox/etoolbox.sty)
(/usr/share/texlive/texmf-dist/tex/latex/fmtcount/fmtcount.sty
(/usr/share/texlive/texmf-dist/tex/latex/xkeyval/xkeyval.sty
(/usr/share/texlive/texmf-dist/tex/generic/xkeyval/xkeyval.tex
(/usr/share/texlive/texmf-dist/tex/generic/xkeyval/xkvutils.tex)))
(/usr/share/texlive/texmf-dist/tex/latex/fmtcount/fcprefix.sty
(/usr/share/texlive/texmf-dist/tex/latex/fmtcount/fcnumparser.sty))
(/usr/share/texlive/texmf-dist/tex/latex/amsmath/amsgen.sty))
(/usr/share/texlive/texmf-dist/tex/latex/datetime/datetime-defaults.sty))
(/usr/share/texmf/tex/latex/CJK/CJKnumb.sty)
(/usr/share/texlive/texmf-dist/tex/latex/fp/fp.sty
`Fixed Point Package', Version 0.8, April 2, 1995 (C) Michael Mehlich
(/usr/share/texlive/texmf-dist/tex/latex/fp/defpattern.sty)
(/usr/share/texlive/texmf-dist/tex/latex/fp/fp-basic.sty)
(/usr/share/texlive/texmf-dist/tex/latex/fp/fp-addons.sty)
(/usr/share/texlive/texmf-dist/tex/latex/fp/fp-snap.sty)
(/usr/share/texlive/texmf-dist/tex/latex/fp/fp-exp.sty)
(/usr/share/texlive/texmf-dist/tex/latex/fp/fp-trigo.sty)
(/usr/share/texlive/texmf-dist/tex/latex/fp/fp-pas.sty)
(/usr/share/texlive/texmf-dist/tex/latex/fp/fp-random.sty)
(/usr/share/texlive/texmf-dist/tex/latex/fp/fp-eqn.sty)
(/usr/share/texlive/texmf-dist/tex/latex/fp/fp-upn.sty)
(/usr/share/texlive/texmf-dist/tex/latex/fp/fp-eval.sty))
(/usr/share/texlive/texmf-dist/tex/latex/hyperref/hyperref.sty
(/usr/share/texlive/texmf-dist/tex/generic/pdfescape/pdfescape.sty
(/usr/share/texlive/texmf-dist/tex/generic/pdftexcmds/pdftexcmds.sty
(/usr/share/texlive/texmf-dist/tex/generic/infwarerr/infwarerr.sty)))
(/usr/share/texlive/texmf-dist/tex/latex/hycolor/hycolor.sty)
(/usr/share/texlive/texmf-dist/tex/latex/auxhook/auxhook.sty)
(/usr/share/texlive/texmf-dist/tex/latex/hyperref/nameref.sty
(/usr/share/texlive/texmf-dist/tex/latex/refcount/refcount.sty)
(/usr/share/texlive/texmf-dist/tex/generic/gettitlestring/gettitlestring.sty))
(/usr/share/texlive/texmf-dist/tex/latex/hyperref/pd1enc.def)
(/usr/share/texlive/texmf-dist/tex/generic/intcalc/intcalc.sty)
(/usr/share/texlive/texmf-dist/tex/latex/hyperref/puenc.def)
(/usr/share/texlive/texmf-dist/tex/latex/url/url.sty)
(/usr/share/texlive/texmf-dist/tex/generic/bitset/bitset.sty
(/usr/share/texlive/texmf-dist/tex/generic/bigintcalc/bigintcalc.sty))
(/usr/share/texlive/texmf-dist/tex/latex/base/atbegshi-ltx.sty))
(/usr/share/texlive/texmf-dist/tex/latex/hyperref/hxetex.def
(/usr/share/texlive/texmf-dist/tex/generic/stringenc/stringenc.sty)
(/usr/share/texlive/texmf-dist/tex/latex/rerunfilecheck/rerunfilecheck.sty
(/usr/share/texlive/texmf-dist/tex/latex/base/atveryend-ltx.sty)
(/usr/share/texlive/texmf-dist/tex/generic/uniquecounter/uniquecounter.sty)))
(/usr/share/texlive/texmf-dist/tex/latex/paralist/paralist.sty)
(/usr/share/texlive/texmf-dist/tex/latex/footmisc/footmisc.sty)
(/usr/share/texlive/texmf-dist/tex/latex/caption/caption.sty
(/usr/share/texlive/texmf-dist/tex/latex/caption/caption3.sty)
(/usr/share/texlive/texmf-dist/tex/latex/caption/ltcaption.sty))
(/usr/share/texlive/texmf-dist/tex/latex/caption/subcaption.sty)
(/usr/share/texlive/texmf-dist/tex/latex/geometry/geometry.sty
(/usr/share/texlive/texmf-dist/tex/generic/iftex/ifvtex.sty))) (./ntusetup.tex
(/usr/share/texlive/texmf-dist/tex/latex/natbib/natbib.sty)
(/usr/share/texlive/texmf-dist/tex/latex/amsmath/amsmath.sty
For additional information on amsmath, use the `?' option.
(/usr/share/texlive/texmf-dist/tex/latex/amsmath/amstext.sty)
(/usr/share/texlive/texmf-dist/tex/latex/amsmath/amsbsy.sty)
(/usr/share/texlive/texmf-dist/tex/latex/amsmath/amsopn.sty))
(/usr/share/texlive/texmf-dist/tex/latex/amscls/amsthm.sty)
(/usr/share/texlive/texmf-dist/tex/latex/amsfonts/amssymb.sty
(/usr/share/texlive/texmf-dist/tex/latex/amsfonts/amsfonts.sty))
(/usr/share/texlive/texmf-dist/tex/generic/ulem/ulem.sty)

Package ctexhook Warning: Package `CJKulem' can not be loaded with `xeCJK'.

(/usr/share/texlive/texmf-dist/tex/latex/algorithms/algorithm.sty
(/usr/share/texlive/texmf-dist/tex/latex/float/float.sty))
(/usr/share/texlive/texmf-dist/tex/latex/algorithmicx/algpseudocode.sty
(/usr/share/texlive/texmf-dist/tex/latex/algorithmicx/algorithmicx.sty
Document Style algorithmicx 1.2 - a greatly improved `algorithmic' style
)
Document Style - pseudocode environments for use with the `algorithmicx' style
) (/usr/share/texlive/texmf-dist/tex/latex/siunitx/siunitx.sty
(/usr/share/texlive/texmf-dist/tex/latex/translations/translations.sty))
(/usr/share/texlive/texmf-dist/tex/latex/lipsum/lipsum.sty
(/usr/share/texlive/texmf-dist/tex/latex/l3packages/l3keys2e/l3keys2e.sty)
(/usr/share/texlive/texmf-dist/tex/latex/lipsum/lipsum.ltd.tex))
(/usr/share/texlive/texmf-dist/tex/latex/zhlipsum/zhlipsum.sty
(/usr/share/texlive/texmf-dist/tex/latex/zhlipsum/zhlipsum-utf8.def)))
(./main.aux) (/usr/share/texlive/texmf-dist/tex/latex/base/ts1cmr.fd)
(/usr/share/texlive/texmf-dist/tex/latex/pdflscape/pdflscape.sty
(/usr/share/texlive/texmf-dist/tex/latex/pdflscape/pdflscape-nometadata.sty
(/usr/share/texlive/texmf-dist/tex/latex/graphics/lscape.sty)))
(/usr/share/texlive/texmf-dist/tex/latex/fmtcount/fc-english.def) (./main.out)
(./main.out)
*geometry* driver: auto-detecting
*geometry* detected driver: xetex

(/usr/share/texlive/texmf-dist/tex/latex/translations/translations-basic-dictio
nary-english.trsl) [1]
(/usr/share/texlive/texmf-dist/tex/latex/amsfonts/umsa.fd)
(/usr/share/texlive/texmf-dist/tex/latex/amsfonts/umsb.fd) [1] [2]
(./front/acknowledgement.tex) (./front/abstract.tex [3] [4]

Package xeCJK Warning: Unknown CJK family `\CJKttdefault' is being ignored.
(xeCJK)                
(xeCJK)                Try to use `\setCJKmonofont[<...>]{<...>}' to define
(xeCJK)                it.


Underfull \vbox (badness 10000) has occurred while \output is active [5]
[6]
Overfull \hbox (20.1282pt too wide) in paragraph at lines 15--16
\TU/TimesNewRoman(0)/m/n/12 recently surpassed deterministic deep-learning base
lines on probabilistic, sharp, and ensemble-

Overfull \hbox (2.98209pt too wide) in paragraph at lines 17--18
[]\TU/TimesNewRoman(0)/m/n/12 This thesis builds on a two-stage StormCast model
 trained on a Taiwan-domain RWRF

Overfull \hbox (8.60513pt too wide) in paragraph at lines 17--18
\TU/TimesNewRoman(0)/m/n/12 proposes and evaluates \TU/TimesNewRoman(0)/b/n/12 
FlowCast\TU/TimesNewRoman(0)/m/n/12 : a residual generator based on |   []   | 
  []   |   []

Underfull \vbox (badness 10000) has occurred while \output is active [7]
Overfull \hbox (11.8071pt too wide) in paragraph at lines 19--20
\TU/TimesNewRoman(0)/m/n/12 matched training-sample budget on the full 2022 hou
rly validation year, using a precipitation-

Overfull \hbox (0.17935pt too wide) in paragraph at lines 19--20
\TU/TimesNewRoman(0)/m/n/12 pler’s cost — with the best temperature accuracy in
 the study and a single-step precipitation

Underfull \vbox (badness 10000) has occurred while \output is active [8])
Underfull \hbox (badness 10000) in paragraph at lines 21--29

[9] [10] (./main.toc
Underfull \vbox (badness 10000) has occurred while \output is active [11]
Underfull \vbox (badness 10000) has occurred while \output is active [12]
Underfull \vbox (badness 10000) has occurred while \output is active [13]
Underfull \vbox (badness 10000) has occurred while \output is active [14])
[15] [16] (./main.lof) [17] [18] (./main.lot) (./front/denotation.tex [19]
[20]
Underfull \vbox (badness 10000) has occurred while \output is active [21]
Overfull \hbox (18.05824pt too wide) in paragraph at lines 25--26
[]\TU/TimesNewRoman(0)/m/n/12 Deterministic regression network producing mean $
\OML/cmm/m/it/12 M[] \OT1/cmr/m/n/12 = \OML/cmm/m/it/12 F[]\OT1/cmr/m/n/12 (\OM
L/cmm/m/it/12 X[]; S[]; I\OT1/cmr/m/n/12 )$\TU/TimesNewRoman(0)/m/n/12 . 

Underfull \vbox (badness 10000) has occurred while \output is active [22])
[23] [24] (./contents/chapter01.tex
Chapter 1.
[1]
Underfull \vbox (badness 1281) has occurred while \output is active [2]
[3] [4]
Underfull \vbox (badness 3138) has occurred while \output is active [5]

Package natbib Warning: Author undefined for citation`ribeiro2025flowcast' 
(natbib)                on page 6 on input line 45.


Underfull \vbox (badness 10000) has occurred while \output is active [6]
Overfull \hbox (20.39615pt too wide) in paragraph at lines 54--55
[]\TU/TimesNewRoman(0)/m/n/12 We adapt |   []   |   []   |   [] [[], [], []] to
 the StormCast two-stage regression-

Overfull \hbox (2.39125pt too wide) in paragraph at lines 54--55
\TU/TimesNewRoman(0)/m/n/12 residual forecaster that learns a straight-line noi
se-to-data ODE in standardised resid-

Overfull \hbox (9.1188pt too wide) in paragraph at lines 57--58
[]\TU/TimesNewRoman(0)/m/n/12 We exploit the four-channel target with a precipi
tation-aware loss: a channel-weighted
[7]) (./contents/chapter02.tex [8] [9] [10]
Chapter 2.

Underfull \vbox (badness 10000) has occurred while \output is active [11]

Package natbib Warning: Author undefined for citation`pathak2022fourcastnet' 
(natbib)                on page 12 on input line 22.


Underfull \vbox (badness 10000) has occurred while \output is active [12]

Package natbib Warning: Author undefined for citation`bi2023pangu' 
(natbib)                on page 13 on input line 24.


Package natbib Warning: Author undefined for citation`lam2023graphcast' 
(natbib)                on page 13 on input line 26.

[13]

Package natbib Warning: Author undefined for citation`pathak2024stormcast' 
(natbib)                on page 14 on input line 38.


Package natbib Warning: Author undefined for citation`price2024gencast' 
(natbib)                on page 14 on input line 51.

[14]

Package natbib Warning: Author undefined for citation`ho2020ddpm' 
(natbib)                on page 15 on input line 57.


Underfull \vbox (badness 3568) has occurred while \output is active [15]
Underfull \vbox (badness 4132) has occurred while \output is active [16]
Overfull \hbox (63.64502pt too wide) detected at line 94
[][][]\OMS/cmsy/m/n/12 ^^@ [] \OML/cmm/m/it/12 p[]\OT1/cmr/m/n/12 (\OML/cmm/m/i
t/12 x[]\OT1/cmr/m/n/12 ) \OMS/cmsy/m/n/12 ^^T [] \OT1/cmr/m/n/12 + [] [] \OMS/
cmsy/m/n/12 ^^@ []\OML/cmm/m/it/12 ;
[17]

Package natbib Warning: Author undefined for citation`song2021ddim' 
(natbib)                on page 18 on input line 117.


Underfull \vbox (badness 4582) has occurred while \output is active [18]

Package natbib Warning: Author undefined for citation`song2021scoresde' 
(natbib)                on page 19 on input line 132.


Overfull \hbox (7.99265pt too wide) in paragraph at lines 132--133
[]\TU/TimesNewRoman(0)/b/n/12 (author?) [][][] \TU/TimesNewRoman(0)/m/n/12 unif
ied DDPM, noise-conditional score matching, and their continuous-
[19]

Package natbib Warning: Author undefined for citation`salimans2022progressive' 

(natbib)                on page 20 on input line 159.


Package natbib Warning: Author undefined for citation`karras2022elucidating' 
(natbib)                on page 20 on input line 165.

[20]
Underfull \vbox (badness 2103) has occurred while \output is active [21]
[22]

Package natbib Warning: Author undefined for citation`lipman2023flow' 
(natbib)                on page 23 on input line 216.


Package natbib Warning: Author undefined for citation`tong2024improving' 
(natbib)                on page 23 on input line 216.

[23]
Overfull \hbox (14.0954pt too wide) detected at line 229
[][][]\OML/cmm/m/it/12 p[]\OT1/cmr/m/n/12 (\OML/cmm/m/it/12 x \OMS/cmsy/m/n/12 
j \OML/cmm/m/it/12 x[]; x[]\OT1/cmr/m/n/12 ) = \OMS/cmsy/m/n/12 N[]\OT1/cmr/m/n
/12 (1 \OMS/cmsy/m/n/12 ^^@ \OML/cmm/m/it/12 t\OT1/cmr/m/n/12 ) \OML/cmm/m/it/1
2 x[] \OT1/cmr/m/n/12 + \OML/cmm/m/it/12 t x[];  ^^[[]I[];  x[] \OT1/cmr/m/n/12
 = (1 \OMS/cmsy/m/n/12 ^^@ \OML/cmm/m/it/12 t\OT1/cmr/m/n/12 ) \OML/cmm/m/it/12
 x[] \OT1/cmr/m/n/12 + \OML/cmm/m/it/12 t x[] \OT1/cmr/m/n/12 + \OML/cmm/m/it/1
2 ^^[[] ^^Q;  ^^Q \OMS/cmsy/m/n/12 ^^X N\OT1/cmr/m/n/12 (0\OML/cmm/m/it/12 ; I\
OT1/cmr/m/n/12 )\OML/cmm/m/it/12 :

Package natbib Warning: Author undefined for citation`tong2024improving' 
(natbib)                on page 24 on input line 240.


Underfull \vbox (badness 10000) has occurred while \output is active [24]

Package natbib Warning: Author undefined for citation`ribeiro2025flowcast' 
(natbib)                on page 25 on input line 242.

[25]
Underfull \vbox (badness 10000) has occurred while \output is active [26]

Package natbib Warning: Author undefined for citation`ribeiro2025flowcast' 
(natbib)                on page 27 on input line 254.

[27]

Package natbib Warning: Author undefined for citation`ribeiro2025flowcast' 
(natbib)                on page 28 on input line 262.


Underfull \vbox (badness 1082) has occurred while \output is active [28]
[29]

Package natbib Warning: Author undefined for citation`roberts2008fss' 
(natbib)                on page 30 on input line 272.


Overfull \hbox (7.5807pt too wide) in paragraph at lines 274--275
\TU/TimesNewRoman(0)/m/n/12 that produces blurry outputs will have a log-PSD th
at drops off too quickly at high wavenum-
) (./contents/chapter03.tex [30]
Chapter 3.

Overfull \hbox (14.74251pt too wide) in paragraph at lines 6--7
[]\TU/TimesNewRoman(0)/m/n/12 This chapter describes what was actually built. S
ection [][]3.1[][] states the residual-forecasting

Underfull \vbox (badness 6675) has occurred while \output is active [31]
[32] [33]
Underfull \vbox (badness 1062) has occurred while \output is active [34]
[35]
Underfull \vbox (badness 10000) has occurred while \output is active [36]
Overfull \hbox (39.70839pt too wide) in paragraph at lines 95--96
\TU/lmtt/m/n/12 netCDF4.num2date\TU/TimesNewRoman(0)/m/n/12 , and writes one fi
le per hour with a canonical \TU/lmtt/m/n/12 {variable}_YYYYMMDDTHH.nc

Overfull \hbox (74.92876pt too wide) in paragraph at lines 95--96
\TU/TimesNewRoman(0)/m/n/12 cally 20 processes on a workstation). Driver: \TU/l
mtt/m/n/12 nc_month_to_day/ split_era5_monthly_to_daily.py\TU/TimesNewRoman(0)/
m/n/12 ;

Overfull \hbox (107.2639pt too wide) in paragraph at lines 97--98
[] [] \TU/TimesNewRoman(0)/b/n/12 Stage 2: unified NetCDF-to-Zarr assembly.[] \
TU/TimesNewRoman(0)/m/n/12 The main pipeline is \TU/lmtt/m/n/12 nc_to_zarr/ nc_
to_zarr_pipeline.py\TU/TimesNewRoman(0)/m/n/12 ,
[37] [38]
Overfull \hbox (41.9467pt too wide) in paragraph at lines 118--119
[]\TU/TimesNewRoman(0)/b/n/12 Streaming statistics. \TU/TimesNewRoman(0)/m/n/12
 As each training sample is filled into the data cube, a \TU/lmtt/m/n/12 Stream
ingStats
[39]
Overfull \hbox (189.1884pt too wide) in paragraph at lines 136--137
\TU/TimesNewRoman(0)/m/n/12 which matches the layout documented in \TU/lmtt/m/n
/12 zarr_metadata.json \TU/TimesNewRoman(0)/m/n/12 and consumed by \TU/lmtt/m/n
/12 data_loader_rwrf_era5_stable.Dataset\TU/TimesNewRoman(0)/m/n/12 .

Underfull \vbox (badness 2012) has occurred while \output is active [40]
[41] [42]
Underfull \vbox (badness 7907) has occurred while \output is active [43]
Underfull \vbox (badness 3536) has occurred while \output is active [44]
Overfull \hbox (26.05408pt too wide) in paragraph at lines 215--216
[]\TU/TimesNewRoman(0)/m/n/12 Both networks are instantiated through the factor
y \TU/lmtt/m/n/12 get_preconditioned_architecture

Overfull \hbox (44.27266pt too wide) in paragraph at lines 215--216
\TU/TimesNewRoman(0)/m/n/12 per by name. The conditioning bundle is assembled b
y \TU/lmtt/m/n/12 build_network_condition_and_target\TU/TimesNewRoman(0)/m/n/12
 ,
[45]
Overfull \hbox (18.08263pt too wide) in paragraph at lines 230--231
\TU/TimesNewRoman(0)/m/n/12 which is identical in \TU/lmtt/m/n/12 stormcast/ co
nfig/ model/ flowcast.yaml \TU/TimesNewRoman(0)/m/n/12 and \TU/lmtt/m/n/12 stor
mcast/ config/
[46]

Package natbib Warning: Author undefined for citation`tong2024improving' 
(natbib)                on page 47 on input line 242.

[47]
Overfull \hbox (19.57584pt too wide) in paragraph at lines 244--245
[] [] \TU/TimesNewRoman(0)/b/n/12 Velocity predictor.[] \TU/TimesNewRoman(0)/m/
n/12 The FlowCast network is the \TU/lmtt/m/n/12 FlowCastPrecond \TU/TimesNewRo
man(0)/m/n/12 module at \TU/lmtt/m/n/12 stormcast/

Overfull \hbox (198.1561pt too wide) in paragraph at lines 244--245
\TU/lmtt/m/n/12 utils/ flowcast_precond.py\TU/TimesNewRoman(0)/m/n/12 , instant
iated through the factory call \TU/lmtt/m/n/12 get_preconditioned_architecture(
name="flowcast",

Overfull \hbox (4.19218pt too wide) in paragraph at lines 244--245
\TU/lmtt/m/n/12 …) \TU/TimesNewRoman(0)/m/n/12 at \TU/lmtt/m/n/12 stormcast/ ut
ils/ nn.py\TU/TimesNewRoman(0)/m/n/12 . The factory wraps a SongUNet with \TU/l
mtt/m/n/12 channel_mult=[1,

Underfull \vbox (badness 3058) has occurred while \output is active [48]
Overfull \hbox (3.32668pt too wide) in paragraph at lines 278--279
[] [] \TU/TimesNewRoman(0)/b/n/12 Optimisation.[] \TU/TimesNewRoman(0)/m/n/12 F
ollowing the FlowCast paper we use the AdamW optimiser with $\OML/cmm/m/it/12 ^
^L[] \OT1/cmr/m/n/12 =

Overfull \hbox (22.59566pt too wide) in paragraph at lines 278--279
\TU/lmtt/m/n/12 DistributedDataParallel\TU/TimesNewRoman(0)/m/n/12 ; the per-GP
U micro-batch is \TU/lmtt/m/n/12 batch_size_per_gpu = "auto"\TU/TimesNewRoman(0
)/m/n/12 ,
[49]
Overfull \hbox (1.54533pt too wide) in paragraph at lines 280--281
[] [] \TU/TimesNewRoman(0)/b/n/12 EMA shadow network.[] \TU/TimesNewRoman(0)/m/
n/12 A second \TU/lmtt/m/n/12 FlowCastPrecond \TU/TimesNewRoman(0)/m/n/12 insta
nce is kept as an exponential-

Underfull \vbox (badness 3058) has occurred while \output is active [50]

Package natbib Warning: Author undefined for citation`ribeiro2025flowcast' 
(natbib)                on page 51 on input line 297.


Overfull \hbox (2.73598pt too wide) in paragraph at lines 299--300
[] [] \TU/TimesNewRoman(0)/b/n/12 Implementation pointers.[] \TU/TimesNewRoman(
0)/m/n/12 Entry point \TU/lmtt/m/n/12 stormcast/ train_flowcast.py\TU/TimesNewR
oman(0)/m/n/12 ; training loop

Overfull \hbox (23.60199pt too wide) in paragraph at lines 299--300
\TU/lmtt/m/n/12 stormcast/ utils/ trainer_flowcast.py \TU/TimesNewRoman(0)/m/n/
12 (\TU/lmtt/m/n/12 flowcast_training_loop\TU/TimesNewRoman(0)/m/n/12 ); loss \
TU/lmtt/m/n/12 stormcast/

Overfull \hbox (87.33682pt too wide) in paragraph at lines 299--300
\TU/lmtt/m/n/12 utils/ flowcast_loss.py \TU/TimesNewRoman(0)/m/n/12 (\TU/lmtt/m
/n/12 FlowCastLoss\TU/TimesNewRoman(0)/m/n/12 ); preconditioner \TU/lmtt/m/n/12
 stormcast/ utils/ flowcast_precond.py

Overfull \hbox (37.89796pt too wide) in paragraph at lines 299--300
\TU/TimesNewRoman(0)/m/n/12 (\TU/lmtt/m/n/12 FlowCastPrecond\TU/TimesNewRoman(0
)/m/n/12 ); EMA helper \TU/lmtt/m/n/12 stormcast/ utils/ ema.py \TU/TimesNewRom
an(0)/m/n/12 (\TU/lmtt/m/n/12 ExponentialMovingAverage\TU/TimesNewRoman(0)/m/n/
12 );

Overfull \hbox (26.61482pt too wide) in paragraph at lines 299--300
\TU/TimesNewRoman(0)/m/n/12 configs \TU/lmtt/m/n/12 stormcast/ config/ flowcast
.yaml\TU/TimesNewRoman(0)/m/n/12 , \TU/lmtt/m/n/12 stormcast/ config/ model/ fl
owcast.yaml\TU/TimesNewRoman(0)/m/n/12 ,

Overfull \hbox (14.86821pt too wide) in paragraph at lines 299--300
\TU/TimesNewRoman(0)/m/n/12 in \TU/lmtt/m/n/12 stormcast/ utils/ nn.py\TU/Times
NewRoman(0)/m/n/12 . The numerical hyperparameters are tabulated in Appendix []
[]5.4[][]. 
[51]
Overfull \hbox (19.05179pt too wide) in paragraph at lines 302--302
|[]\TU/TimesNewRoman(0)/b/n/17.28 The MeanFlow Residual (Average-Velocity Flow 
Match-

Underfull \vbox (badness 1082) has occurred while \output is active [52]
Overfull \hbox (1.20279pt too wide) in paragraph at lines 320--321
[] [] \TU/TimesNewRoman(0)/b/n/12 The MeanFlow identity.[] \TU/TimesNewRoman(0)
/m/n/12 The integral is eliminated by differentiation rather than quadra-

Package natbib Warning: Author undefined for citation`geng2025meanflow' 
(natbib)                on page 53 on input line 330.


Package natbib Warning: Author undefined for citation`geng2025meanflow' 
(natbib)                on page 53 on input line 330.


Underfull \vbox (badness 10000) has occurred while \output is active [53]
Overfull \hbox (33.85258pt too wide) detected at line 340
[][][]\OMS/cmsy/m/n/12 L[] \OT1/cmr/m/n/12 = \U/msb/m/n/12 E[] []\OT1/cmr/m/n/1
2 (\OML/cmm/m/it/12 w\OT1/cmr/m/n/12 ) []\OML/cmm/m/it/12 u[]\OT1/cmr/m/n/12 (\
OML/cmm/m/it/12 z[]; r; t; c[]\OT1/cmr/m/n/12 ) \OMS/cmsy/m/n/12 ^^@ []\OT1/cmr
/m/n/12 (\OML/cmm/m/it/12 u[]\OT1/cmr/m/n/12 )[][] [] + \OML/cmm/m/it/12 ^^U[] 
\OMS/cmsy/m/n/12 L[]\OML/cmm/m/it/12 ;  u[] \OT1/cmr/m/n/12 = \OML/cmm/m/it/12 
v \OT1/cmr/m/n/12 + (\OML/cmm/m/it/12 t \OMS/cmsy/m/n/12 ^^@ \OML/cmm/m/it/12 r
\OT1/cmr/m/n/12 )[]\OML/cmm/m/it/12 v @[]u[] \OT1/cmr/m/n/12 + \OML/cmm/m/it/12
 @[]u[][];

Package natbib Warning: Author undefined for citation`geng2025meanflow' 
(natbib)                on page 54 on input line 341.


Package natbib Warning: Author undefined for citation`geng2025meanflow' 
(natbib)                on page 54 on input line 344.

[54]

Package natbib Warning: Author undefined for citation`geng2025meanflow' 
(natbib)                on page 55 on input line 345.


Overfull \hbox (53.01587pt too wide) in paragraph at lines 370--371
[] [] \TU/TimesNewRoman(0)/b/n/12 Network parameterisation: two times into one 
backbone.[] \TU/TimesNewRoman(0)/m/n/12 The network is the \TU/lmtt/m/n/12 Mean
FlowPrecond

Overfull \hbox (10.64813pt too wide) in paragraph at lines 370--371
\TU/TimesNewRoman(0)/m/n/12 module (\TU/lmtt/m/n/12 stormcast/ utils/ meanflow_
precond.py\TU/TimesNewRoman(0)/m/n/12 ), wrapping the |   [] SongUNet back-
[55]

Package natbib Warning: Author undefined for citation`geng2025meanflow' 
(natbib)                on page 56 on input line 375.


Underfull \vbox (badness 6461) has occurred while \output is active [56]
Overfull \hbox (8.86574pt too wide) in paragraph at lines 386--387
[] [] \TU/TimesNewRoman(0)/b/n/12 Optimisation and checkpoints.[] \TU/TimesNewR
oman(0)/m/n/12 Everything FlowCast-side is kept: AdamW with $\OML/cmm/m/it/12 ^
^L[] \OT1/cmr/m/n/12 =
[57]
Overfull \hbox (2.73598pt too wide) in paragraph at lines 390--391
[] [] \TU/TimesNewRoman(0)/b/n/12 Implementation pointers.[] \TU/TimesNewRoman(
0)/m/n/12 Entry point \TU/lmtt/m/n/12 stormcast/ train_meanflow.py\TU/TimesNewR
oman(0)/m/n/12 ; training loop

Overfull \hbox (13.60962pt too wide) in paragraph at lines 390--391
\TU/lmtt/m/n/12 stormcast/ utils/ trainer_meanflow.py\TU/TimesNewRoman(0)/m/n/1
2 ; loss \TU/lmtt/m/n/12 stormcast/ utils/ meanflow_loss.py

Overfull \hbox (55.40318pt too wide) in paragraph at lines 390--391
\TU/TimesNewRoman(0)/m/n/12 (\TU/lmtt/m/n/12 MeanFlowLoss\TU/TimesNewRoman(0)/m
/n/12 ); preconditioner \TU/lmtt/m/n/12 stormcast/ utils/ meanflow_precond.py \
TU/TimesNewRoman(0)/m/n/12 (\TU/lmtt/m/n/12 MeanFlowPrecond\TU/TimesNewRoman(0)
/m/n/12 );

Overfull \hbox (26.61482pt too wide) in paragraph at lines 390--391
\TU/TimesNewRoman(0)/m/n/12 configs \TU/lmtt/m/n/12 stormcast/ config/ meanflow
.yaml\TU/TimesNewRoman(0)/m/n/12 , \TU/lmtt/m/n/12 stormcast/ config/ model/ me
anflow.yaml\TU/TimesNewRoman(0)/m/n/12 ,

Overfull \hbox (14.86821pt too wide) in paragraph at lines 390--391
\TU/TimesNewRoman(0)/m/n/12 in \TU/lmtt/m/n/12 stormcast/ utils/ nn.py\TU/Times
NewRoman(0)/m/n/12 . The numerical hyperparameters are tabulated in Appendix []
[]5.4[][]. 

Underfull \vbox (badness 10000) has occurred while \output is active [58]
Underfull \vbox (badness 10000) has occurred while \output is active [59]
Overfull \hbox (36.20679pt too wide) in paragraph at lines 416--417
[]\TU/TimesNewRoman(0)/m/n/12 All runs use PyTorch with \TU/lmtt/m/n/12 torchru
n -- standalone -- nnodes=1 -- nproc_per_node=N
) (./contents/chapter04.tex
Overfull \hbox (8.06088pt too wide) in paragraph at lines 420--2
\TU/TimesNewRoman(0)/m/n/12 together with CSV loss logs and, every $\OML/cmm/m/
it/12 V$ \TU/TimesNewRoman(0)/m/n/12 iterations, validation heatmap and power-s
pectrum

Overfull \hbox (26.01709pt too wide) in paragraph at lines 420--2
\TU/TimesNewRoman(0)/m/n/12 for FlowCast and MeanFlow, the EMA shadow (\TU/lmtt
/m/n/12 ema_state.pt\TU/TimesNewRoman(0)/m/n/12 ) by a \TU/lmtt/m/n/12 checkpoi
nt_latest.pt
[60]
Chapter 4.

Overfull \hbox (22.78807pt too wide) in paragraph at lines 12--13
\TU/TimesNewRoman(0)/m/n/12 validation store (8,759 hourly samples; Section [][
]3.2[][]). This contrasts with the stale \TU/lmtt/m/n/12 valid_dates

Underfull \vbox (badness 10000) has occurred while \output is active [61]
[62]
Overfull \hbox (13.05392pt too wide) in paragraph at lines 28--29
[]\TU/TimesNewRoman(0)/m/n/12 All metrics are computed on denormalised fields w
ith physical units (K, ms$[]$, mmh$[]$). 

Overfull \hbox (79.52882pt too wide) detected at line 43
[][][][]\OT1/cmr/m/n/12 (\OML/cmm/m/it/12 ^^\\OT1/cmr/m/n/12 ) = []\OML/cmm/m/i
t/12 ;  []\OT1/cmr/m/n/12 (\OML/cmm/m/it/12 ^^\\OT1/cmr/m/n/12 ) = []\OML/cmm/m
/it/12 ;  []\OT1/cmr/m/n/12 (\OML/cmm/m/it/12 ^^\\OT1/cmr/m/n/12 ) = []\OML/cmm
/m/it/12 ;
[63]
Underfull \vbox (badness 6725) has occurred while \output is active [64]
Overfull \hbox (95.32573pt too wide) in paragraph at lines 68--81
 [][] 
[65] [66] [67] [68]
Overfull \hbox (17.54796pt too wide) in paragraph at lines 127--128
\TU/TimesNewRoman(0)/m/n/12 Two systematic trends sit underneath FlowCast’s CRP
S saturation. First, CRPS and ensemble-
[69] [70] [71] [72] [73]
Underfull \vbox (badness 10000) has occurred while \output is active [74]
[75] [76]
Overfull \hbox (7.58835pt too wide) in paragraph at lines 288--289
[]\TU/TimesNewRoman(0)/m/n/12 To place the cleaned-pipeline heads in context, T
able [][]4.6[][] adds the legacy old-StormCast

Overfull \hbox (4.48808pt too wide) in paragraph at lines 296--306
 [][] 
[77]
Underfull \vbox (badness 10000) has occurred while \output is active [78]
[79] [80] [81]
Overfull \hbox (2.6821pt too wide) in paragraph at lines 375--376
[]\TU/TimesNewRoman(0)/m/n/12 The headline question of the thesis is whether a 
single-run, teacher-free flow-matching
) (./contents/chapter05.tex [82] [83] [84]
Chapter 5.

Underfull \vbox (badness 10000) has occurred while \output is active [85]
[86] [87] [88])
Overfull \hbox (28.3981pt too wide) in paragraph at lines 46--45
[]\TU/TimesNewRoman(0)/m/n/12 Generative modelling is almost certainly the righ
t inductive bias for short-range convective-
[89] [90] (./main.bbl [91]
Underfull \hbox (badness 1424) in paragraph at lines 62--65
[]\TU/TimesNewRoman(0)/m/n/12 J. Ho and T. Salimans.  Classifier-free diffusion
 guidance.  |   []   |   []
[92] [93] [94]) (./back/appendix01.tex [95] [96]
Overfull \hbox (46.77966pt too wide) in paragraph at lines 28--29
[]\TU/TimesNewRoman(0)/m/n/12 Hyperparameters copied from \TU/lmtt/m/n/12 storm
cast/ config/ model/ flowcast.yaml \TU/TimesNewRoman(0)/m/n/12 and \TU/lmtt/m/n
/12 stormcast/

Underfull \vbox (badness 10000) has occurred while \output is active [97]
Underfull \vbox (badness 10000) has occurred while \output is active [98]
Overfull \hbox (46.77966pt too wide) in paragraph at lines 62--63
[]\TU/TimesNewRoman(0)/m/n/12 Hyperparameters copied from \TU/lmtt/m/n/12 storm
cast/ config/ model/ meanflow.yaml \TU/TimesNewRoman(0)/m/n/12 and \TU/lmtt/m/n
/12 stormcast/

Overfull \hbox (4.4379pt too wide) in paragraph at lines 62--63
\TU/lmtt/m/n/12 config/ training/ meanflow.yaml\TU/TimesNewRoman(0)/m/n/12 . Ev
erything shared with FlowCast (optimiser, sched-

Overfull \hbox (20.57216pt too wide) in paragraph at lines 62--63
\TU/TimesNewRoman(0)/m/n/12 ule, conditioning, backbone, channel/ spectral weig
hts, EMA) is kept |   [] so the FlowCast-

Underfull \vbox (badness 10000) has occurred while \output is active [99]
Underfull \vbox (badness 10000) has occurred while \output is active [100]
Underfull \vbox (badness 10000) has occurred while \output is active [101]
Overfull \hbox (338.22983pt too wide) in paragraph at lines 99--108
 [] 
) (./back/appendix02.tex [102]
Overfull \hbox (18.91425pt too wide) in paragraph at lines 8--10
[]\TU/TimesNewRoman(0)/m/n/12 The full training and evaluation code for this th
esis lives in the \TU/lmtt/m/n/12 Stormcast- Distilation

Overfull \hbox (1.38506pt too wide) in paragraph at lines 11--12
[]\TU/lmtt/m/n/12 stormcast/ train_flowcast.py \TU/TimesNewRoman(0)/m/n/12 — Fl
owCast (Conditional Flow Matching) train-
[103]
Overfull \hbox (52.99176pt too wide) in paragraph at lines 16--17
[]\TU/lmtt/m/n/12 stormcast/ utils/ flowcast_precond.py \TU/TimesNewRoman(0)/m/
n/12 / \TU/lmtt/m/n/12 meanflow_precond.py \TU/TimesNewRoman(0)/m/n/12 — \TU/lm
tt/m/n/12 FlowCastPrecond

Overfull \hbox (158.88866pt too wide) in paragraph at lines 17--18
[]\TU/lmtt/m/n/12 stormcast/ utils/ nn.py \TU/TimesNewRoman(0)/m/n/12 — \TU/lmt
t/m/n/12 get_preconditioned_architecture\TU/TimesNewRoman(0)/m/n/12 , \TU/lmtt/
m/n/12 build_network_condition_and_target\TU/TimesNewRoman(0)/m/n/12 ,

Overfull \hbox (115.6378pt too wide) in paragraph at lines 17--18
\TU/TimesNewRoman(0)/m/n/12 and the samplers \TU/lmtt/m/n/12 diffusion_model_fo
rward \TU/TimesNewRoman(0)/m/n/12 / \TU/lmtt/m/n/12 flowcast_model_forward \TU/
TimesNewRoman(0)/m/n/12 / \TU/lmtt/m/n/12 meanflow_model_forward\TU/TimesNewRom
an(0)/m/n/12 . 

Overfull \hbox (24.63173pt too wide) in paragraph at lines 21--22
[]\TU/lmtt/m/n/12 experiment_scripts/ make_thesis_figures.py \TU/TimesNewRoman(
0)/m/n/12 / \TU/lmtt/m/n/12 make_thesis_qualitative.sh
[104] [105]
Overfull \hbox (1.55957pt too wide) in paragraph at lines 75--76
[] [] \TU/TimesNewRoman(0)/b/n/12 Auto-resume.[] \TU/TimesNewRoman(0)/m/n/12 Re
-running the same command picks up from the latest checkpoint; Flow-

Overfull \hbox (49.20714pt too wide) in paragraph at lines 75--76
\TU/TimesNewRoman(0)/m/n/12 Cast and MeanFlow restore both \TU/lmtt/m/n/12 chec
kpoints_{flowcast,meanflow}/ checkpoint_latest.pt

Underfull \vbox (badness 1072) has occurred while \output is active [106]
Overfull \hbox (31.52353pt too wide) in paragraph at lines 77--78
[] [] \TU/TimesNewRoman(0)/b/n/12 Head-to-head evaluation.[] \TU/TimesNewRoman(
0)/m/n/12 The scoreboard, per-threshold, FSS, CRPS, rollout, and qualitative-

Overfull \hbox (51.16507pt too wide) in paragraph at lines 81--82
\TU/TimesNewRoman(0)/m/n/12 which runs \TU/lmtt/m/n/12 compare_diffusion_vs_flo
wcast.py \TU/TimesNewRoman(0)/m/n/12 (with the MeanFlow leg at \TU/lmtt/m/n/12 
MEANFLOW_NFES="1
[107]) (./back/appendix03.tex [108]
Underfull \vbox (badness 10000) has occurred while \output is active [109]

Package hyperref Warning: Token not allowed in a PDF string (Unicode):
(hyperref)                removing `math shift' on input line 42.


Package hyperref Warning: Token not allowed in a PDF string (Unicode):
(hyperref)                removing `subscript' on input line 42.


Package hyperref Warning: Token not allowed in a PDF string (Unicode):
(hyperref)                removing `\mid' on input line 42.


Package hyperref Warning: Token not allowed in a PDF string (Unicode):
(hyperref)                removing `subscript' on input line 42.


Package hyperref Warning: Token not allowed in a PDF string (Unicode):
(hyperref)                removing `subscript' on input line 42.


Package hyperref Warning: Token not allowed in a PDF string (Unicode):
(hyperref)                removing `math shift' on input line 42.


Underfull \vbox (badness 10000) has occurred while \output is active [110]
Underfull \vbox (badness 10000) has occurred while \output is active [111]
Overfull \hbox (89.56038pt too wide) detected at line 100
\OMS/cmsy/m/n/12 ^^@ [] \OML/cmm/m/it/12 p[]\OT1/cmr/m/n/12 (\OML/cmm/m/it/12 x
[]\OT1/cmr/m/n/12 ) \OMS/cmsy/m/n/12 ^^T \U/msb/m/n/12 E[] [] [] \OT1/cmr/m/n/1
2 + [] [] \OMS/cmsy/m/n/12 ^^@ [] []\OML/cmm/m/it/12 ;

Underfull \vbox (badness 10000) has occurred while \output is active [112]

Package natbib Warning: Author undefined for citation`ho2020ddpm' 
(natbib)                on page 113 on input line 106.


Package hyperref Warning: Token not allowed in a PDF string (Unicode):
(hyperref)                removing `math shift' on input line 110.


Package hyperref Warning: Token not allowed in a PDF string (Unicode):
(hyperref)                removing `\epsilon' on input line 110.


Package hyperref Warning: Token not allowed in a PDF string (Unicode):
(hyperref)                removing `math shift' on input line 110.


Overfull \hbox (9.58148pt too wide) in paragraph at lines 115--116
[] [] \TU/TimesNewRoman(0)/b/n/12 KL between two Gaussians with matched covaria
nce.[] \TU/TimesNewRoman(0)/m/n/12 For two Gaussians $\OML/cmm/m/it/12 p \OT1/c
mr/m/n/12 = \OMS/cmsy/m/n/12 N\OT1/cmr/m/n/12 (\OML/cmm/m/it/12 ^^V[]; \OT1/cmr
/m/n/12 ^^F)$

Overfull \hbox (25.76791pt too wide) in paragraph at lines 125--126
[] [] \TU/TimesNewRoman(0)/b/n/12 Reparameterisation in $\OML/cmm/m/it/12 ^^O$\
TU/TimesNewRoman(0)/b/n/12 .[] \TU/TimesNewRoman(0)/m/n/12 From $\OML/cmm/m/it/
12 x[] \OT1/cmr/m/n/12 = []\OML/cmm/m/it/12 x[] \OT1/cmr/m/n/12 + []\OML/cmm/m/
it/12 ^^O$ \TU/TimesNewRoman(0)/m/n/12 we have $\OML/cmm/m/it/12 x[] \OT1/cmr/m
/n/12 = (\OML/cmm/m/it/12 x[] \OMS/cmsy/m/n/12 ^^@ []\OML/cmm/m/it/12 ^^O\OT1/c
mr/m/n/12 )/[]$\TU/TimesNewRoman(0)/m/n/12 .
[113]

Package natbib Warning: Author undefined for citation`ho2020ddpm' 
(natbib)                on page 114 on input line 138.

[114]
Overfull \hbox (43.52554pt too wide) in paragraph at lines 156--157
[]\TU/TimesNewRoman(0)/m/n/12 Let $\OML/cmm/m/it/12 x[] \OMS/cmsy/m/n/12 ^^X \O
ML/cmm/m/it/12 p[]$ \TU/TimesNewRoman(0)/m/n/12 and $\OML/cmm/m/it/12 x \OT1/cm
r/m/n/12 = \OML/cmm/m/it/12 x[] \OT1/cmr/m/n/12 + \OML/cmm/m/it/12 ^^[^^O$ \TU/
TimesNewRoman(0)/m/n/12 with $\OML/cmm/m/it/12 ^^O \OMS/cmsy/m/n/12 ^^X N\OT1/c
mr/m/n/12 (0\OML/cmm/m/it/12 ; I\OT1/cmr/m/n/12 )$\TU/TimesNewRoman(0)/m/n/12 .
 Write $\OML/cmm/m/it/12 p[]\OT1/cmr/m/n/12 (\OML/cmm/m/it/12 x\OT1/cmr/m/n/12 
) = [] \OML/cmm/m/it/12 p[]\OT1/cmr/m/n/12 (\OML/cmm/m/it/12 x[]\OT1/cmr/m/n/12
 ) \OMS/cmsy/m/n/12 N\OT1/cmr/m/n/12 (\OML/cmm/m/it/12 x\OT1/cmr/m/n/12 ; \OML/
cmm/m/it/12 x[]; ^^[[]I\OT1/cmr/m/n/12 ) \OML/cmm/m/it/12 dx[]$\TU/TimesNewRoma
n(0)/m/n/12 .

Overfull \hbox (22.38525pt too wide) in paragraph at lines 168--170
|   []   |   [] \TU/TimesNewRoman(0)/m/n/12 are equivalent as learning objectiv
es: fitting $\OML/cmm/m/it/12 D[]$ \TU/TimesNewRoman(0)/m/n/12 to minimise $\U/
msb/m/n/12 E\OMS/cmsy/m/n/12 k\OML/cmm/m/it/12 D[]\OT1/cmr/m/n/12 (\OML/cmm/m/i
t/12 x\OT1/cmr/m/n/12 ; \OML/cmm/m/it/12 ^^[\OT1/cmr/m/n/12 ) \OMS/cmsy/m/n/12 
^^@
[115]

Package natbib Warning: Author undefined for citation`song2021ddim' 
(natbib)                on page 116 on input line 207.


Underfull \vbox (badness 10000) has occurred while \output is active [116]
Underfull \vbox (badness 10000) has occurred while \output is active [117]

Package hyperref Warning: Token not allowed in a PDF string (Unicode):
(hyperref)                removing `math shift' on input line 238.


Package hyperref Warning: Token not allowed in a PDF string (Unicode):
(hyperref)                removing `\epsilon' on input line 238.


Package hyperref Warning: Token not allowed in a PDF string (Unicode):
(hyperref)                removing `math shift' on input line 238.


Package hyperref Warning: Token not allowed in a PDF string (Unicode):
(hyperref)                removing `math shift' on input line 238.


Package hyperref Warning: Token not allowed in a PDF string (Unicode):
(hyperref)                removing `subscript' on input line 238.


Package hyperref Warning: Token not allowed in a PDF string (Unicode):
(hyperref)                removing `math shift' on input line 238.


Package hyperref Warning: Token not allowed in a PDF string (Unicode):
(hyperref)                removing `math shift' on input line 238.


Package hyperref Warning: Token not allowed in a PDF string (Unicode):
(hyperref)                removing `math shift' on input line 238.


Package natbib Warning: Author undefined for citation`salimans2022progressive' 

(natbib)                on page 118 on input line 241.


Underfull \vbox (badness 10000) has occurred while \output is active [118]

Package natbib Warning: Author undefined for citation`salimans2022progressive' 

(natbib)                on page 119 on input line 250.


Package natbib Warning: Author undefined for citation`karras2022elucidating' 
(natbib)                on page 119 on input line 256.


Underfull \vbox (badness 5460) has occurred while \output is active [119]

Package natbib Warning: Author undefined for citation`karras2022elucidating' 
(natbib)                on page 120 on input line 279.


Underfull \vbox (badness 10000) has occurred while \output is active [120]

Package hyperref Warning: Token not allowed in a PDF string (Unicode):
(hyperref)                removing `math shift' on input line 313.


Package hyperref Warning: Token not allowed in a PDF string (Unicode):
(hyperref)                removing `\rho' on input line 313.


Package hyperref Warning: Token not allowed in a PDF string (Unicode):
(hyperref)                removing `math shift' on input line 313.


Underfull \vbox (badness 10000) has occurred while \output is active [121]

Package natbib Warning: Author undefined for citation`karras2022elucidating' 
(natbib)                on page 122 on input line 320.


Package natbib Warning: Author undefined for citation`pathak2024stormcast' 
(natbib)                on page 122 on input line 320.


Package hyperref Warning: Token not allowed in a PDF string (Unicode):
(hyperref)                removing `math shift' on input line 323.


Package hyperref Warning: Token not allowed in a PDF string (Unicode):
(hyperref)                removing `math shift' on input line 323.


Underfull \vbox (badness 10000) has occurred while \output is active [122]
Underfull \vbox (badness 2846) has occurred while \output is active [123]

Package natbib Warning: Author undefined for citation`tong2024improving' 
(natbib)                on page 124 on input line 371.

[124]
Overfull \hbox (6.92444pt too wide) in paragraph at lines 382--383
[]\TU/TimesNewRoman(0)/b/n/12 Condition bundle. $\OML/cmm/m/it/12 v[]$ \TU/Time
sNewRoman(0)/m/n/12 is conditioned on $\OML/cmm/m/it/12 c[] \OT1/cmr/m/n/12 = [
](\OML/cmm/m/it/12 X[]; M[]; I\OT1/cmr/m/n/12 )$ \TU/TimesNewRoman(0)/m/n/12 (t
he low-resolution
[125]) [126] (./main.aux

Package natbib Warning: Citation(s) may have changed.
(natbib)                Rerun to get citations correct.

)

LaTeX Font Warning: Size substitutions with differences
(Font)              up to 1.28pt have occurred.


LaTeX Warning: Label(s) may have changed. Rerun to get cross-references right.

 )
(see the transcript file for additional information)
Output written on main.xdv (151 pages, 2242424 bytes).
Transcript written on main.log.
Latexmk: Getting log file 'main.log'
Latexmk: Examining 'main.fls'
Latexmk: Examining 'main.log'
Latexmk: Found input bbl file 'main.bbl'
Latexmk: References changed.
Latexmk: References changed.
Latexmk: Log file says output to 'main.xdv'
Latexmk: Found bibliography file(s):
  ./back/references.bib
Latexmk: applying rule 'bibtex main'...
Rule 'bibtex main':  Reasons for rerun
Changed files or newly in use/created:
  main.aux

------------
Run number 2 of rule 'bibtex main'
------------
------------
Running 'bibtex  "main.aux"'
------------
This is BibTeX, Version 0.99d (TeX Live 2023/Debian)
The top-level auxiliary file: main.aux
The style file: abbrvnat.bst
Database file #1: back/references.bib
Latexmk: applying rule 'xelatex'...
Rule 'xelatex':  Reasons for rerun
Changed files or newly in use/created:
  main.aux
  main.toc

------------
Run number 3 of rule 'xelatex'
------------
------------
Running 'xelatex -no-pdf -interaction=nonstopmode -recorder  "main.tex"'
------------
This is XeTeX, Version 3.141592653-2.6-0.999995 (TeX Live 2023/Debian) (preloaded format=xelatex)
 restricted \write18 enabled.
entering extended mode
(./main.tex
LaTeX2e <2023-11-01> patch level 1
L3 programming layer <2024-01-22>
(./ntuthesis.cls
Document Class: ntuthesis 2020/05/01 v2.0 NTU Thesis Template
(/usr/share/texlive/texmf-dist/tex/generic/kvdefinekeys/kvdefinekeys.sty)
(/usr/share/texlive/texmf-dist/tex/latex/kvsetkeys/kvsetkeys.sty)
(/usr/share/texlive/texmf-dist/tex/latex/kvoptions/kvoptions.sty
(/usr/share/texlive/texmf-dist/tex/latex/graphics/keyval.sty)
(/usr/share/texlive/texmf-dist/tex/generic/ltxcmds/ltxcmds.sty))
(/usr/share/texlive/texmf-dist/tex/generic/iftex/iftex.sty)
(/usr/share/texlive/texmf-dist/tex/latex/base/ifthen.sty)
(/usr/share/texlive/texmf-dist/tex/latex/base/report.cls
Document Class: report 2023/05/17 v1.4n Standard LaTeX document class
(/usr/share/texlive/texmf-dist/tex/latex/base/size12.clo))
(/usr/share/texlive/texmf-dist/tex/latex/l3packages/xparse/xparse.sty
(/usr/share/texlive/texmf-dist/tex/latex/l3kernel/expl3.sty
(/usr/share/texlive/texmf-dist/tex/latex/l3backend/l3backend-xetex.def)))
(/usr/share/texlive/texmf-dist/tex/xelatex/xecjk/xeCJK.sty
(/usr/share/texlive/texmf-dist/tex/latex/ctex/ctexhook.sty)
(/usr/share/texlive/texmf-dist/tex/latex/l3packages/xtemplate/xtemplate.sty)
(/usr/share/texlive/texmf-dist/tex/latex/fontspec/fontspec.sty
(/usr/share/texlive/texmf-dist/tex/latex/fontspec/fontspec-xetex.sty
(/usr/share/texlive/texmf-dist/tex/latex/base/fontenc.sty)
(/usr/share/texlive/texmf-dist/tex/latex/fontspec/fontspec.cfg)))
(/usr/share/texlive/texmf-dist/tex/xelatex/xecjk/xeCJK.cfg))
(/usr/share/texlive/texmf-dist/tex/latex/tools/indentfirst.sty)
(/usr/share/texlive/texmf-dist/tex/latex/xcolor/xcolor.sty
(/usr/share/texlive/texmf-dist/tex/latex/graphics-cfg/color.cfg)
(/usr/share/texlive/texmf-dist/tex/latex/graphics-def/xetex.def)
(/usr/share/texlive/texmf-dist/tex/latex/graphics/mathcolor.ltx))
(/usr/share/texlive/texmf-dist/tex/latex/titlesec/titlesec.sty)
(/usr/share/texlive/texmf-dist/tex/latex/titlesec/titletoc.sty)
(/usr/share/texlive/texmf-dist/tex/latex/tocloft/tocloft.sty)
(/usr/share/texlive/texmf-dist/tex/latex/fancyhdr/fancyhdr.sty)
(/usr/share/texlive/texmf-dist/tex/latex/setspace/setspace.sty)
(/usr/share/texlive/texmf-dist/tex/latex/graphics/graphicx.sty
(/usr/share/texlive/texmf-dist/tex/latex/graphics/graphics.sty
(/usr/share/texlive/texmf-dist/tex/latex/graphics/trig.sty)
(/usr/share/texlive/texmf-dist/tex/latex/graphics-cfg/graphics.cfg)))
(/usr/share/texlive/texmf-dist/tex/latex/eso-pic/eso-pic.sty)
(/usr/share/texlive/texmf-dist/tex/latex/pgf/frontendlayer/tikz.sty
(/usr/share/texlive/texmf-dist/tex/latex/pgf/basiclayer/pgf.sty
(/usr/share/texlive/texmf-dist/tex/latex/pgf/utilities/pgfrcs.sty
(/usr/share/texlive/texmf-dist/tex/generic/pgf/utilities/pgfutil-common.tex)
(/usr/share/texlive/texmf-dist/tex/generic/pgf/utilities/pgfutil-latex.def)
(/usr/share/texlive/texmf-dist/tex/generic/pgf/utilities/pgfrcs.code.tex
(/usr/share/texlive/texmf-dist/tex/generic/pgf/pgf.revision.tex)))
(/usr/share/texlive/texmf-dist/tex/latex/pgf/basiclayer/pgfcore.sty
(/usr/share/texlive/texmf-dist/tex/latex/pgf/systemlayer/pgfsys.sty
(/usr/share/texlive/texmf-dist/tex/generic/pgf/systemlayer/pgfsys.code.tex
(/usr/share/texlive/texmf-dist/tex/generic/pgf/utilities/pgfkeys.code.tex
(/usr/share/texlive/texmf-dist/tex/generic/pgf/utilities/pgfkeyslibraryfiltered
.code.tex)) (/usr/share/texlive/texmf-dist/tex/generic/pgf/systemlayer/pgf.cfg)
(/usr/share/texlive/texmf-dist/tex/generic/pgf/systemlayer/pgfsys-xetex.def
(/usr/share/texlive/texmf-dist/tex/generic/pgf/systemlayer/pgfsys-dvipdfmx.def
(/usr/share/texlive/texmf-dist/tex/generic/pgf/systemlayer/pgfsys-common-pdf.de
f))))
(/usr/share/texlive/texmf-dist/tex/generic/pgf/systemlayer/pgfsyssoftpath.code.
tex)
(/usr/share/texlive/texmf-dist/tex/generic/pgf/systemlayer/pgfsysprotocol.code.
tex))
(/usr/share/texlive/texmf-dist/tex/generic/pgf/basiclayer/pgfcore.code.tex
(/usr/share/texlive/texmf-dist/tex/generic/pgf/math/pgfmath.code.tex
(/usr/share/texlive/texmf-dist/tex/generic/pgf/math/pgfmathutil.code.tex)
(/usr/share/texlive/texmf-dist/tex/generic/pgf/math/pgfmathparser.code.tex)
(/usr/share/texlive/texmf-dist/tex/generic/pgf/math/pgfmathfunctions.code.tex)
(/usr/share/texlive/texmf-dist/tex/generic/pgf/math/pgfmathfunctions.basic.code
.tex)
(/usr/share/texlive/texmf-dist/tex/generic/pgf/math/pgfmathfunctions.trigonomet
ric.code.tex)
(/usr/share/texlive/texmf-dist/tex/generic/pgf/math/pgfmathfunctions.random.cod
e.tex)
(/usr/share/texlive/texmf-dist/tex/generic/pgf/math/pgfmathfunctions.comparison
.code.tex)
(/usr/share/texlive/texmf-dist/tex/generic/pgf/math/pgfmathfunctions.base.code.
tex)
(/usr/share/texlive/texmf-dist/tex/generic/pgf/math/pgfmathfunctions.round.code
.tex)
(/usr/share/texlive/texmf-dist/tex/generic/pgf/math/pgfmathfunctions.misc.code.
tex)
(/usr/share/texlive/texmf-dist/tex/generic/pgf/math/pgfmathfunctions.integerari
thmetics.code.tex)
(/usr/share/texlive/texmf-dist/tex/generic/pgf/math/pgfmathcalc.code.tex)
(/usr/share/texlive/texmf-dist/tex/generic/pgf/math/pgfmathfloat.code.tex))
(/usr/share/texlive/texmf-dist/tex/generic/pgf/math/pgfint.code.tex)
(/usr/share/texlive/texmf-dist/tex/generic/pgf/basiclayer/pgfcorepoints.code.te
x)
(/usr/share/texlive/texmf-dist/tex/generic/pgf/basiclayer/pgfcorepathconstruct.
code.tex)
(/usr/share/texlive/texmf-dist/tex/generic/pgf/basiclayer/pgfcorepathusage.code
.tex)
(/usr/share/texlive/texmf-dist/tex/generic/pgf/basiclayer/pgfcorescopes.code.te
x)
(/usr/share/texlive/texmf-dist/tex/generic/pgf/basiclayer/pgfcoregraphicstate.c
ode.tex)
(/usr/share/texlive/texmf-dist/tex/generic/pgf/basiclayer/pgfcoretransformation
s.code.tex)
(/usr/share/texlive/texmf-dist/tex/generic/pgf/basiclayer/pgfcorequick.code.tex
)
(/usr/share/texlive/texmf-dist/tex/generic/pgf/basiclayer/pgfcoreobjects.code.t
ex)
(/usr/share/texlive/texmf-dist/tex/generic/pgf/basiclayer/pgfcorepathprocessing
.code.tex)
(/usr/share/texlive/texmf-dist/tex/generic/pgf/basiclayer/pgfcorearrows.code.te
x)
(/usr/share/texlive/texmf-dist/tex/generic/pgf/basiclayer/pgfcoreshade.code.tex
)
(/usr/share/texlive/texmf-dist/tex/generic/pgf/basiclayer/pgfcoreimage.code.tex
)
(/usr/share/texlive/texmf-dist/tex/generic/pgf/basiclayer/pgfcoreexternal.code.
tex)
(/usr/share/texlive/texmf-dist/tex/generic/pgf/basiclayer/pgfcorelayers.code.te
x)
(/usr/share/texlive/texmf-dist/tex/generic/pgf/basiclayer/pgfcoretransparency.c
ode.tex)
(/usr/share/texlive/texmf-dist/tex/generic/pgf/basiclayer/pgfcorepatterns.code.
tex)
(/usr/share/texlive/texmf-dist/tex/generic/pgf/basiclayer/pgfcorerdf.code.tex))
)
(/usr/share/texlive/texmf-dist/tex/generic/pgf/modules/pgfmoduleshapes.code.tex
) (/usr/share/texlive/texmf-dist/tex/generic/pgf/modules/pgfmoduleplot.code.tex
)
(/usr/share/texlive/texmf-dist/tex/latex/pgf/compatibility/pgfcomp-version-0-65
.sty)
(/usr/share/texlive/texmf-dist/tex/latex/pgf/compatibility/pgfcomp-version-1-18
.sty)) (/usr/share/texlive/texmf-dist/tex/latex/pgf/utilities/pgffor.sty
(/usr/share/texlive/texmf-dist/tex/latex/pgf/utilities/pgfkeys.sty
(/usr/share/texlive/texmf-dist/tex/generic/pgf/utilities/pgfkeys.code.tex))
(/usr/share/texlive/texmf-dist/tex/latex/pgf/math/pgfmath.sty
(/usr/share/texlive/texmf-dist/tex/generic/pgf/math/pgfmath.code.tex))
(/usr/share/texlive/texmf-dist/tex/generic/pgf/utilities/pgffor.code.tex))
(/usr/share/texlive/texmf-dist/tex/generic/pgf/frontendlayer/tikz/tikz.code.tex

(/usr/share/texlive/texmf-dist/tex/generic/pgf/libraries/pgflibraryplothandlers
.code.tex)
(/usr/share/texlive/texmf-dist/tex/generic/pgf/modules/pgfmodulematrix.code.tex
)
(/usr/share/texlive/texmf-dist/tex/generic/pgf/frontendlayer/tikz/libraries/tik
zlibrarytopaths.code.tex)))
(/usr/share/texlive/texmf-dist/tex/latex/pdfpages/pdfpages.sty
(/usr/share/texlive/texmf-dist/tex/latex/tools/calc.sty)
(/usr/share/texlive/texmf-dist/tex/latex/pdfpages/ppxetex.def))
(/usr/share/texlive/texmf-dist/tex/latex/tools/tabularx.sty
(/usr/share/texlive/texmf-dist/tex/latex/tools/array.sty))
(/usr/share/texlive/texmf-dist/tex/latex/booktabs/booktabs.sty)
(/usr/share/texlive/texmf-dist/tex/latex/multirow/multirow.sty)
(/usr/share/texlive/texmf-dist/tex/latex/diagbox/diagbox.sty
(/usr/share/texlive/texmf-dist/tex/latex/pict2e/pict2e.sty
(/usr/share/texlive/texmf-dist/tex/latex/pict2e/pict2e.cfg)
(/usr/share/texlive/texmf-dist/tex/latex/pict2e/p2e-xetex.def)))
(/usr/share/texlive/texmf-dist/tex/latex/tools/longtable.sty)
(/usr/share/texlive/texmf-dist/tex/latex/datetime/datetime.sty
(/usr/share/texlive/texmf-dist/tex/latex/etoolbox/etoolbox.sty)
(/usr/share/texlive/texmf-dist/tex/latex/fmtcount/fmtcount.sty
(/usr/share/texlive/texmf-dist/tex/latex/xkeyval/xkeyval.sty
(/usr/share/texlive/texmf-dist/tex/generic/xkeyval/xkeyval.tex
(/usr/share/texlive/texmf-dist/tex/generic/xkeyval/xkvutils.tex)))
(/usr/share/texlive/texmf-dist/tex/latex/fmtcount/fcprefix.sty
(/usr/share/texlive/texmf-dist/tex/latex/fmtcount/fcnumparser.sty))
(/usr/share/texlive/texmf-dist/tex/latex/amsmath/amsgen.sty))
(/usr/share/texlive/texmf-dist/tex/latex/datetime/datetime-defaults.sty))
(/usr/share/texmf/tex/latex/CJK/CJKnumb.sty)
(/usr/share/texlive/texmf-dist/tex/latex/fp/fp.sty
`Fixed Point Package', Version 0.8, April 2, 1995 (C) Michael Mehlich
(/usr/share/texlive/texmf-dist/tex/latex/fp/defpattern.sty)
(/usr/share/texlive/texmf-dist/tex/latex/fp/fp-basic.sty)
(/usr/share/texlive/texmf-dist/tex/latex/fp/fp-addons.sty)
(/usr/share/texlive/texmf-dist/tex/latex/fp/fp-snap.sty)
(/usr/share/texlive/texmf-dist/tex/latex/fp/fp-exp.sty)
(/usr/share/texlive/texmf-dist/tex/latex/fp/fp-trigo.sty)
(/usr/share/texlive/texmf-dist/tex/latex/fp/fp-pas.sty)
(/usr/share/texlive/texmf-dist/tex/latex/fp/fp-random.sty)
(/usr/share/texlive/texmf-dist/tex/latex/fp/fp-eqn.sty)
(/usr/share/texlive/texmf-dist/tex/latex/fp/fp-upn.sty)
(/usr/share/texlive/texmf-dist/tex/latex/fp/fp-eval.sty))
(/usr/share/texlive/texmf-dist/tex/latex/hyperref/hyperref.sty
(/usr/share/texlive/texmf-dist/tex/generic/pdfescape/pdfescape.sty
(/usr/share/texlive/texmf-dist/tex/generic/pdftexcmds/pdftexcmds.sty
(/usr/share/texlive/texmf-dist/tex/generic/infwarerr/infwarerr.sty)))
(/usr/share/texlive/texmf-dist/tex/latex/hycolor/hycolor.sty)
(/usr/share/texlive/texmf-dist/tex/latex/auxhook/auxhook.sty)
(/usr/share/texlive/texmf-dist/tex/latex/hyperref/nameref.sty
(/usr/share/texlive/texmf-dist/tex/latex/refcount/refcount.sty)
(/usr/share/texlive/texmf-dist/tex/generic/gettitlestring/gettitlestring.sty))
(/usr/share/texlive/texmf-dist/tex/latex/hyperref/pd1enc.def)
(/usr/share/texlive/texmf-dist/tex/generic/intcalc/intcalc.sty)
(/usr/share/texlive/texmf-dist/tex/latex/hyperref/puenc.def)
(/usr/share/texlive/texmf-dist/tex/latex/url/url.sty)
(/usr/share/texlive/texmf-dist/tex/generic/bitset/bitset.sty
(/usr/share/texlive/texmf-dist/tex/generic/bigintcalc/bigintcalc.sty))
(/usr/share/texlive/texmf-dist/tex/latex/base/atbegshi-ltx.sty))
(/usr/share/texlive/texmf-dist/tex/latex/hyperref/hxetex.def
(/usr/share/texlive/texmf-dist/tex/generic/stringenc/stringenc.sty)
(/usr/share/texlive/texmf-dist/tex/latex/rerunfilecheck/rerunfilecheck.sty
(/usr/share/texlive/texmf-dist/tex/latex/base/atveryend-ltx.sty)
(/usr/share/texlive/texmf-dist/tex/generic/uniquecounter/uniquecounter.sty)))
(/usr/share/texlive/texmf-dist/tex/latex/paralist/paralist.sty)
(/usr/share/texlive/texmf-dist/tex/latex/footmisc/footmisc.sty)
(/usr/share/texlive/texmf-dist/tex/latex/caption/caption.sty
(/usr/share/texlive/texmf-dist/tex/latex/caption/caption3.sty)
(/usr/share/texlive/texmf-dist/tex/latex/caption/ltcaption.sty))
(/usr/share/texlive/texmf-dist/tex/latex/caption/subcaption.sty)
(/usr/share/texlive/texmf-dist/tex/latex/geometry/geometry.sty
(/usr/share/texlive/texmf-dist/tex/generic/iftex/ifvtex.sty))) (./ntusetup.tex
(/usr/share/texlive/texmf-dist/tex/latex/natbib/natbib.sty)
(/usr/share/texlive/texmf-dist/tex/latex/amsmath/amsmath.sty
For additional information on amsmath, use the `?' option.
(/usr/share/texlive/texmf-dist/tex/latex/amsmath/amstext.sty)
(/usr/share/texlive/texmf-dist/tex/latex/amsmath/amsbsy.sty)
(/usr/share/texlive/texmf-dist/tex/latex/amsmath/amsopn.sty))
(/usr/share/texlive/texmf-dist/tex/latex/amscls/amsthm.sty)
(/usr/share/texlive/texmf-dist/tex/latex/amsfonts/amssymb.sty
(/usr/share/texlive/texmf-dist/tex/latex/amsfonts/amsfonts.sty))
(/usr/share/texlive/texmf-dist/tex/generic/ulem/ulem.sty)

Package ctexhook Warning: Package `CJKulem' can not be loaded with `xeCJK'.

(/usr/share/texlive/texmf-dist/tex/latex/algorithms/algorithm.sty
(/usr/share/texlive/texmf-dist/tex/latex/float/float.sty))
(/usr/share/texlive/texmf-dist/tex/latex/algorithmicx/algpseudocode.sty
(/usr/share/texlive/texmf-dist/tex/latex/algorithmicx/algorithmicx.sty
Document Style algorithmicx 1.2 - a greatly improved `algorithmic' style
)
Document Style - pseudocode environments for use with the `algorithmicx' style
) (/usr/share/texlive/texmf-dist/tex/latex/siunitx/siunitx.sty
(/usr/share/texlive/texmf-dist/tex/latex/translations/translations.sty))
(/usr/share/texlive/texmf-dist/tex/latex/lipsum/lipsum.sty
(/usr/share/texlive/texmf-dist/tex/latex/l3packages/l3keys2e/l3keys2e.sty)
(/usr/share/texlive/texmf-dist/tex/latex/lipsum/lipsum.ltd.tex))
(/usr/share/texlive/texmf-dist/tex/latex/zhlipsum/zhlipsum.sty
(/usr/share/texlive/texmf-dist/tex/latex/zhlipsum/zhlipsum-utf8.def)))
(./main.aux) (/usr/share/texlive/texmf-dist/tex/latex/base/ts1cmr.fd)
(/usr/share/texlive/texmf-dist/tex/latex/pdflscape/pdflscape.sty
(/usr/share/texlive/texmf-dist/tex/latex/pdflscape/pdflscape-nometadata.sty
(/usr/share/texlive/texmf-dist/tex/latex/graphics/lscape.sty)))
(/usr/share/texlive/texmf-dist/tex/latex/fmtcount/fc-english.def) (./main.out)
(./main.out)
*geometry* driver: auto-detecting
*geometry* detected driver: xetex

(/usr/share/texlive/texmf-dist/tex/latex/translations/translations-basic-dictio
nary-english.trsl) [1]
(/usr/share/texlive/texmf-dist/tex/latex/amsfonts/umsa.fd)
(/usr/share/texlive/texmf-dist/tex/latex/amsfonts/umsb.fd) [1] [2]
(./front/acknowledgement.tex) (./front/abstract.tex [3] [4]

Package xeCJK Warning: Unknown CJK family `\CJKttdefault' is being ignored.
(xeCJK)                
(xeCJK)                Try to use `\setCJKmonofont[<...>]{<...>}' to define
(xeCJK)                it.


Underfull \vbox (badness 10000) has occurred while \output is active [5]
[6]
Overfull \hbox (20.1282pt too wide) in paragraph at lines 15--16
\TU/TimesNewRoman(0)/m/n/12 recently surpassed deterministic deep-learning base
lines on probabilistic, sharp, and ensemble-

Overfull \hbox (2.98209pt too wide) in paragraph at lines 17--18
[]\TU/TimesNewRoman(0)/m/n/12 This thesis builds on a two-stage StormCast model
 trained on a Taiwan-domain RWRF

Overfull \hbox (8.60513pt too wide) in paragraph at lines 17--18
\TU/TimesNewRoman(0)/m/n/12 proposes and evaluates \TU/TimesNewRoman(0)/b/n/12 
FlowCast\TU/TimesNewRoman(0)/m/n/12 : a residual generator based on |   []   | 
  []   |   []

Underfull \vbox (badness 10000) has occurred while \output is active [7]
Overfull \hbox (11.8071pt too wide) in paragraph at lines 19--20
\TU/TimesNewRoman(0)/m/n/12 matched training-sample budget on the full 2022 hou
rly validation year, using a precipitation-

Overfull \hbox (0.17935pt too wide) in paragraph at lines 19--20
\TU/TimesNewRoman(0)/m/n/12 pler’s cost — with the best temperature accuracy in
 the study and a single-step precipitation

Underfull \vbox (badness 10000) has occurred while \output is active [8])
Underfull \hbox (badness 10000) in paragraph at lines 21--29

[9] [10] (./main.toc
Underfull \vbox (badness 10000) has occurred while \output is active [11]
Underfull \vbox (badness 10000) has occurred while \output is active [12]
Underfull \vbox (badness 10000) has occurred while \output is active [13]
Underfull \vbox (badness 10000) has occurred while \output is active [14])
[15] [16] (./main.lof) [17] [18] (./main.lot) (./front/denotation.tex [19]
[20]
Underfull \vbox (badness 10000) has occurred while \output is active [21]
Overfull \hbox (18.05824pt too wide) in paragraph at lines 25--26
[]\TU/TimesNewRoman(0)/m/n/12 Deterministic regression network producing mean $
\OML/cmm/m/it/12 M[] \OT1/cmr/m/n/12 = \OML/cmm/m/it/12 F[]\OT1/cmr/m/n/12 (\OM
L/cmm/m/it/12 X[]; S[]; I\OT1/cmr/m/n/12 )$\TU/TimesNewRoman(0)/m/n/12 . 

Underfull \vbox (badness 10000) has occurred while \output is active [22])
[23] [24] (./contents/chapter01.tex
Chapter 1.
[1]
Underfull \vbox (badness 1281) has occurred while \output is active [2]
[3] [4]
Underfull \vbox (badness 3138) has occurred while \output is active [5]
Underfull \vbox (badness 10000) has occurred while \output is active [6]
Overfull \hbox (20.39615pt too wide) in paragraph at lines 54--55
[]\TU/TimesNewRoman(0)/m/n/12 We adapt |   []   |   []   |   [] [[], [], []] to
 the StormCast two-stage regression-

Overfull \hbox (2.39125pt too wide) in paragraph at lines 54--55
\TU/TimesNewRoman(0)/m/n/12 residual forecaster that learns a straight-line noi
se-to-data ODE in standardised resid-

Overfull \hbox (9.1188pt too wide) in paragraph at lines 57--58
[]\TU/TimesNewRoman(0)/m/n/12 We exploit the four-channel target with a precipi
tation-aware loss: a channel-weighted
[7]) (./contents/chapter02.tex [8] [9] [10]
Chapter 2.

Underfull \vbox (badness 10000) has occurred while \output is active [11]
Underfull \vbox (badness 10000) has occurred while \output is active [12]
[13] [14]
Underfull \vbox (badness 3568) has occurred while \output is active [15]
Underfull \vbox (badness 4132) has occurred while \output is active [16]
Overfull \hbox (63.64502pt too wide) detected at line 94
[][][]\OMS/cmsy/m/n/12 ^^@ [] \OML/cmm/m/it/12 p[]\OT1/cmr/m/n/12 (\OML/cmm/m/i
t/12 x[]\OT1/cmr/m/n/12 ) \OMS/cmsy/m/n/12 ^^T [] \OT1/cmr/m/n/12 + [] [] \OMS/
cmsy/m/n/12 ^^@ []\OML/cmm/m/it/12 ;
[17]
Underfull \vbox (badness 4582) has occurred while \output is active [18]
Overfull \hbox (8.32468pt too wide) in paragraph at lines 132--133
[]\TU/TimesNewRoman(0)/m/n/12 Song et al. [][][] unified DDPM, noise-conditiona
l score matching, and their continuous-
[19] [20]
Underfull \vbox (badness 2103) has occurred while \output is active [21]
[22] [23]
Overfull \hbox (14.0954pt too wide) detected at line 229
[][][]\OML/cmm/m/it/12 p[]\OT1/cmr/m/n/12 (\OML/cmm/m/it/12 x \OMS/cmsy/m/n/12 
j \OML/cmm/m/it/12 x[]; x[]\OT1/cmr/m/n/12 ) = \OMS/cmsy/m/n/12 N[]\OT1/cmr/m/n
/12 (1 \OMS/cmsy/m/n/12 ^^@ \OML/cmm/m/it/12 t\OT1/cmr/m/n/12 ) \OML/cmm/m/it/1
2 x[] \OT1/cmr/m/n/12 + \OML/cmm/m/it/12 t x[];  ^^[[]I[];  x[] \OT1/cmr/m/n/12
 = (1 \OMS/cmsy/m/n/12 ^^@ \OML/cmm/m/it/12 t\OT1/cmr/m/n/12 ) \OML/cmm/m/it/12
 x[] \OT1/cmr/m/n/12 + \OML/cmm/m/it/12 t x[] \OT1/cmr/m/n/12 + \OML/cmm/m/it/1
2 ^^[[] ^^Q;  ^^Q \OMS/cmsy/m/n/12 ^^X N\OT1/cmr/m/n/12 (0\OML/cmm/m/it/12 ; I\
OT1/cmr/m/n/12 )\OML/cmm/m/it/12 :

Underfull \vbox (badness 10000) has occurred while \output is active [24]
[25]
Underfull \vbox (badness 10000) has occurred while \output is active [26]
[27]
Underfull \vbox (badness 1082) has occurred while \output is active [28]
[29]
Overfull \hbox (7.5807pt too wide) in paragraph at lines 274--275
\TU/TimesNewRoman(0)/m/n/12 that produces blurry outputs will have a log-PSD th
at drops off too quickly at high wavenum-
) (./contents/chapter03.tex [30]
Chapter 3.

Overfull \hbox (14.74251pt too wide) in paragraph at lines 6--7
[]\TU/TimesNewRoman(0)/m/n/12 This chapter describes what was actually built. S
ection [][]3.1[][] states the residual-forecasting

Underfull \vbox (badness 6675) has occurred while \output is active [31]
[32] [33]
Underfull \vbox (badness 1062) has occurred while \output is active [34]
[35]
Underfull \vbox (badness 10000) has occurred while \output is active [36]
Overfull \hbox (39.70839pt too wide) in paragraph at lines 95--96
\TU/lmtt/m/n/12 netCDF4.num2date\TU/TimesNewRoman(0)/m/n/12 , and writes one fi
le per hour with a canonical \TU/lmtt/m/n/12 {variable}_YYYYMMDDTHH.nc

Overfull \hbox (74.92876pt too wide) in paragraph at lines 95--96
\TU/TimesNewRoman(0)/m/n/12 cally 20 processes on a workstation). Driver: \TU/l
mtt/m/n/12 nc_month_to_day/ split_era5_monthly_to_daily.py\TU/TimesNewRoman(0)/
m/n/12 ;

Overfull \hbox (107.2639pt too wide) in paragraph at lines 97--98
[] [] \TU/TimesNewRoman(0)/b/n/12 Stage 2: unified NetCDF-to-Zarr assembly.[] \
TU/TimesNewRoman(0)/m/n/12 The main pipeline is \TU/lmtt/m/n/12 nc_to_zarr/ nc_
to_zarr_pipeline.py\TU/TimesNewRoman(0)/m/n/12 ,
[37] [38]
Overfull \hbox (41.9467pt too wide) in paragraph at lines 118--119
[]\TU/TimesNewRoman(0)/b/n/12 Streaming statistics. \TU/TimesNewRoman(0)/m/n/12
 As each training sample is filled into the data cube, a \TU/lmtt/m/n/12 Stream
ingStats
[39]
Overfull \hbox (189.1884pt too wide) in paragraph at lines 136--137
\TU/TimesNewRoman(0)/m/n/12 which matches the layout documented in \TU/lmtt/m/n
/12 zarr_metadata.json \TU/TimesNewRoman(0)/m/n/12 and consumed by \TU/lmtt/m/n
/12 data_loader_rwrf_era5_stable.Dataset\TU/TimesNewRoman(0)/m/n/12 .

Underfull \vbox (badness 2012) has occurred while \output is active [40]
[41] [42]
Underfull \vbox (badness 7907) has occurred while \output is active [43]
Underfull \vbox (badness 3536) has occurred while \output is active [44]
Overfull \hbox (26.05408pt too wide) in paragraph at lines 215--216
[]\TU/TimesNewRoman(0)/m/n/12 Both networks are instantiated through the factor
y \TU/lmtt/m/n/12 get_preconditioned_architecture

Overfull \hbox (44.27266pt too wide) in paragraph at lines 215--216
\TU/TimesNewRoman(0)/m/n/12 per by name. The conditioning bundle is assembled b
y \TU/lmtt/m/n/12 build_network_condition_and_target\TU/TimesNewRoman(0)/m/n/12
 ,
[45]
Overfull \hbox (18.08263pt too wide) in paragraph at lines 230--231
\TU/TimesNewRoman(0)/m/n/12 which is identical in \TU/lmtt/m/n/12 stormcast/ co
nfig/ model/ flowcast.yaml \TU/TimesNewRoman(0)/m/n/12 and \TU/lmtt/m/n/12 stor
mcast/ config/
[46] [47]
Overfull \hbox (19.57584pt too wide) in paragraph at lines 244--245
[] [] \TU/TimesNewRoman(0)/b/n/12 Velocity predictor.[] \TU/TimesNewRoman(0)/m/
n/12 The FlowCast network is the \TU/lmtt/m/n/12 FlowCastPrecond \TU/TimesNewRo
man(0)/m/n/12 module at \TU/lmtt/m/n/12 stormcast/

Overfull \hbox (198.1561pt too wide) in paragraph at lines 244--245
\TU/lmtt/m/n/12 utils/ flowcast_precond.py\TU/TimesNewRoman(0)/m/n/12 , instant
iated through the factory call \TU/lmtt/m/n/12 get_preconditioned_architecture(
name="flowcast",

Overfull \hbox (4.19218pt too wide) in paragraph at lines 244--245
\TU/lmtt/m/n/12 …) \TU/TimesNewRoman(0)/m/n/12 at \TU/lmtt/m/n/12 stormcast/ ut
ils/ nn.py\TU/TimesNewRoman(0)/m/n/12 . The factory wraps a SongUNet with \TU/l
mtt/m/n/12 channel_mult=[1,

Underfull \vbox (badness 3058) has occurred while \output is active [48]
Overfull \hbox (3.32668pt too wide) in paragraph at lines 278--279
[] [] \TU/TimesNewRoman(0)/b/n/12 Optimisation.[] \TU/TimesNewRoman(0)/m/n/12 F
ollowing the FlowCast paper we use the AdamW optimiser with $\OML/cmm/m/it/12 ^
^L[] \OT1/cmr/m/n/12 =

Overfull \hbox (22.59566pt too wide) in paragraph at lines 278--279
\TU/lmtt/m/n/12 DistributedDataParallel\TU/TimesNewRoman(0)/m/n/12 ; the per-GP
U micro-batch is \TU/lmtt/m/n/12 batch_size_per_gpu = "auto"\TU/TimesNewRoman(0
)/m/n/12 ,
[49]
Overfull \hbox (1.54533pt too wide) in paragraph at lines 280--281
[] [] \TU/TimesNewRoman(0)/b/n/12 EMA shadow network.[] \TU/TimesNewRoman(0)/m/
n/12 A second \TU/lmtt/m/n/12 FlowCastPrecond \TU/TimesNewRoman(0)/m/n/12 insta
nce is kept as an exponential-

Underfull \vbox (badness 3058) has occurred while \output is active [50]
Overfull \hbox (2.73598pt too wide) in paragraph at lines 299--300
[] [] \TU/TimesNewRoman(0)/b/n/12 Implementation pointers.[] \TU/TimesNewRoman(
0)/m/n/12 Entry point \TU/lmtt/m/n/12 stormcast/ train_flowcast.py\TU/TimesNewR
oman(0)/m/n/12 ; training loop

Overfull \hbox (23.60199pt too wide) in paragraph at lines 299--300
\TU/lmtt/m/n/12 stormcast/ utils/ trainer_flowcast.py \TU/TimesNewRoman(0)/m/n/
12 (\TU/lmtt/m/n/12 flowcast_training_loop\TU/TimesNewRoman(0)/m/n/12 ); loss \
TU/lmtt/m/n/12 stormcast/

Overfull \hbox (87.33682pt too wide) in paragraph at lines 299--300
\TU/lmtt/m/n/12 utils/ flowcast_loss.py \TU/TimesNewRoman(0)/m/n/12 (\TU/lmtt/m
/n/12 FlowCastLoss\TU/TimesNewRoman(0)/m/n/12 ); preconditioner \TU/lmtt/m/n/12
 stormcast/ utils/ flowcast_precond.py

Overfull \hbox (37.89796pt too wide) in paragraph at lines 299--300
\TU/TimesNewRoman(0)/m/n/12 (\TU/lmtt/m/n/12 FlowCastPrecond\TU/TimesNewRoman(0
)/m/n/12 ); EMA helper \TU/lmtt/m/n/12 stormcast/ utils/ ema.py \TU/TimesNewRom
an(0)/m/n/12 (\TU/lmtt/m/n/12 ExponentialMovingAverage\TU/TimesNewRoman(0)/m/n/
12 );

Overfull \hbox (26.61482pt too wide) in paragraph at lines 299--300
\TU/TimesNewRoman(0)/m/n/12 configs \TU/lmtt/m/n/12 stormcast/ config/ flowcast
.yaml\TU/TimesNewRoman(0)/m/n/12 , \TU/lmtt/m/n/12 stormcast/ config/ model/ fl
owcast.yaml\TU/TimesNewRoman(0)/m/n/12 ,

Overfull \hbox (14.86821pt too wide) in paragraph at lines 299--300
\TU/TimesNewRoman(0)/m/n/12 in \TU/lmtt/m/n/12 stormcast/ utils/ nn.py\TU/Times
NewRoman(0)/m/n/12 . The numerical hyperparameters are tabulated in Appendix []
[]5.4[][]. 
[51]
Overfull \hbox (19.05179pt too wide) in paragraph at lines 302--302
|[]\TU/TimesNewRoman(0)/b/n/17.28 The MeanFlow Residual (Average-Velocity Flow 
Match-

Underfull \vbox (badness 1082) has occurred while \output is active [52]
Overfull \hbox (1.20279pt too wide) in paragraph at lines 320--321
[] [] \TU/TimesNewRoman(0)/b/n/12 The MeanFlow identity.[] \TU/TimesNewRoman(0)
/m/n/12 The integral is eliminated by differentiation rather than quadra-

Underfull \vbox (badness 10000) has occurred while \output is active [53]
Overfull \hbox (33.85258pt too wide) detected at line 340
[][][]\OMS/cmsy/m/n/12 L[] \OT1/cmr/m/n/12 = \U/msb/m/n/12 E[] []\OT1/cmr/m/n/1
2 (\OML/cmm/m/it/12 w\OT1/cmr/m/n/12 ) []\OML/cmm/m/it/12 u[]\OT1/cmr/m/n/12 (\
OML/cmm/m/it/12 z[]; r; t; c[]\OT1/cmr/m/n/12 ) \OMS/cmsy/m/n/12 ^^@ []\OT1/cmr
/m/n/12 (\OML/cmm/m/it/12 u[]\OT1/cmr/m/n/12 )[][] [] + \OML/cmm/m/it/12 ^^U[] 
\OMS/cmsy/m/n/12 L[]\OML/cmm/m/it/12 ;  u[] \OT1/cmr/m/n/12 = \OML/cmm/m/it/12 
v \OT1/cmr/m/n/12 + (\OML/cmm/m/it/12 t \OMS/cmsy/m/n/12 ^^@ \OML/cmm/m/it/12 r
\OT1/cmr/m/n/12 )[]\OML/cmm/m/it/12 v @[]u[] \OT1/cmr/m/n/12 + \OML/cmm/m/it/12
 @[]u[][];
[54]
Overfull \hbox (53.01587pt too wide) in paragraph at lines 370--371
[] [] \TU/TimesNewRoman(0)/b/n/12 Network parameterisation: two times into one 
backbone.[] \TU/TimesNewRoman(0)/m/n/12 The network is the \TU/lmtt/m/n/12 Mean
FlowPrecond

Overfull \hbox (10.64813pt too wide) in paragraph at lines 370--371
\TU/TimesNewRoman(0)/m/n/12 module (\TU/lmtt/m/n/12 stormcast/ utils/ meanflow_
precond.py\TU/TimesNewRoman(0)/m/n/12 ), wrapping the |   [] SongUNet back-
[55]
Underfull \vbox (badness 6461) has occurred while \output is active [56]
Overfull \hbox (8.86574pt too wide) in paragraph at lines 386--387
[] [] \TU/TimesNewRoman(0)/b/n/12 Optimisation and checkpoints.[] \TU/TimesNewR
oman(0)/m/n/12 Everything FlowCast-side is kept: AdamW with $\OML/cmm/m/it/12 ^
^L[] \OT1/cmr/m/n/12 =
[57]
Overfull \hbox (2.73598pt too wide) in paragraph at lines 390--391
[] [] \TU/TimesNewRoman(0)/b/n/12 Implementation pointers.[] \TU/TimesNewRoman(
0)/m/n/12 Entry point \TU/lmtt/m/n/12 stormcast/ train_meanflow.py\TU/TimesNewR
oman(0)/m/n/12 ; training loop

Overfull \hbox (13.60962pt too wide) in paragraph at lines 390--391
\TU/lmtt/m/n/12 stormcast/ utils/ trainer_meanflow.py\TU/TimesNewRoman(0)/m/n/1
2 ; loss \TU/lmtt/m/n/12 stormcast/ utils/ meanflow_loss.py

Overfull \hbox (55.40318pt too wide) in paragraph at lines 390--391
\TU/TimesNewRoman(0)/m/n/12 (\TU/lmtt/m/n/12 MeanFlowLoss\TU/TimesNewRoman(0)/m
/n/12 ); preconditioner \TU/lmtt/m/n/12 stormcast/ utils/ meanflow_precond.py \
TU/TimesNewRoman(0)/m/n/12 (\TU/lmtt/m/n/12 MeanFlowPrecond\TU/TimesNewRoman(0)
/m/n/12 );

Overfull \hbox (26.61482pt too wide) in paragraph at lines 390--391
\TU/TimesNewRoman(0)/m/n/12 configs \TU/lmtt/m/n/12 stormcast/ config/ meanflow
.yaml\TU/TimesNewRoman(0)/m/n/12 , \TU/lmtt/m/n/12 stormcast/ config/ model/ me
anflow.yaml\TU/TimesNewRoman(0)/m/n/12 ,

Overfull \hbox (14.86821pt too wide) in paragraph at lines 390--391
\TU/TimesNewRoman(0)/m/n/12 in \TU/lmtt/m/n/12 stormcast/ utils/ nn.py\TU/Times
NewRoman(0)/m/n/12 . The numerical hyperparameters are tabulated in Appendix []
[]5.4[][]. 

Underfull \vbox (badness 10000) has occurred while \output is active [58]
Underfull \vbox (badness 10000) has occurred while \output is active [59]
Overfull \hbox (36.20679pt too wide) in paragraph at lines 416--417
[]\TU/TimesNewRoman(0)/m/n/12 All runs use PyTorch with \TU/lmtt/m/n/12 torchru
n -- standalone -- nnodes=1 -- nproc_per_node=N
) (./contents/chapter04.tex
Overfull \hbox (8.06088pt too wide) in paragraph at lines 420--2
\TU/TimesNewRoman(0)/m/n/12 together with CSV loss logs and, every $\OML/cmm/m/
it/12 V$ \TU/TimesNewRoman(0)/m/n/12 iterations, validation heatmap and power-s
pectrum

Overfull \hbox (26.01709pt too wide) in paragraph at lines 420--2
\TU/TimesNewRoman(0)/m/n/12 for FlowCast and MeanFlow, the EMA shadow (\TU/lmtt
/m/n/12 ema_state.pt\TU/TimesNewRoman(0)/m/n/12 ) by a \TU/lmtt/m/n/12 checkpoi
nt_latest.pt
[60]
Chapter 4.

Overfull \hbox (22.78807pt too wide) in paragraph at lines 12--13
\TU/TimesNewRoman(0)/m/n/12 validation store (8,759 hourly samples; Section [][
]3.2[][]). This contrasts with the stale \TU/lmtt/m/n/12 valid_dates

Underfull \vbox (badness 10000) has occurred while \output is active [61]
[62]
Overfull \hbox (13.05392pt too wide) in paragraph at lines 28--29
[]\TU/TimesNewRoman(0)/m/n/12 All metrics are computed on denormalised fields w
ith physical units (K, ms$[]$, mmh$[]$). 

Overfull \hbox (79.52882pt too wide) detected at line 43
[][][][]\OT1/cmr/m/n/12 (\OML/cmm/m/it/12 ^^\\OT1/cmr/m/n/12 ) = []\OML/cmm/m/i
t/12 ;  []\OT1/cmr/m/n/12 (\OML/cmm/m/it/12 ^^\\OT1/cmr/m/n/12 ) = []\OML/cmm/m
/it/12 ;  []\OT1/cmr/m/n/12 (\OML/cmm/m/it/12 ^^\\OT1/cmr/m/n/12 ) = []\OML/cmm
/m/it/12 ;
[63]
Underfull \vbox (badness 6725) has occurred while \output is active [64]
Overfull \hbox (95.32573pt too wide) in paragraph at lines 68--81
 [][] 
[65] [66] [67] [68]
Overfull \hbox (17.54796pt too wide) in paragraph at lines 127--128
\TU/TimesNewRoman(0)/m/n/12 Two systematic trends sit underneath FlowCast’s CRP
S saturation. First, CRPS and ensemble-
[69] [70] [71] [72] [73]
Underfull \vbox (badness 10000) has occurred while \output is active [74]
[75] [76]
Overfull \hbox (7.58835pt too wide) in paragraph at lines 288--289
[]\TU/TimesNewRoman(0)/m/n/12 To place the cleaned-pipeline heads in context, T
able [][]4.6[][] adds the legacy old-StormCast

Overfull \hbox (4.48808pt too wide) in paragraph at lines 296--306
 [][] 
[77]
Underfull \vbox (badness 10000) has occurred while \output is active [78]
[79] [80] [81]
Overfull \hbox (2.6821pt too wide) in paragraph at lines 375--376
[]\TU/TimesNewRoman(0)/m/n/12 The headline question of the thesis is whether a 
single-run, teacher-free flow-matching
) (./contents/chapter05.tex [82] [83] [84]
Chapter 5.

Underfull \vbox (badness 10000) has occurred while \output is active [85]
[86] [87] [88])
Overfull \hbox (28.3981pt too wide) in paragraph at lines 46--45
[]\TU/TimesNewRoman(0)/m/n/12 Generative modelling is almost certainly the righ
t inductive bias for short-range convective-
[89] [90] (./main.bbl [91]
Underfull \hbox (badness 1424) in paragraph at lines 62--65
[]\TU/TimesNewRoman(0)/m/n/12 J. Ho and T. Salimans.  Classifier-free diffusion
 guidance.  |   []   |   []
[92] [93] [94]) (./back/appendix01.tex [95] [96]
Overfull \hbox (46.77966pt too wide) in paragraph at lines 28--29
[]\TU/TimesNewRoman(0)/m/n/12 Hyperparameters copied from \TU/lmtt/m/n/12 storm
cast/ config/ model/ flowcast.yaml \TU/TimesNewRoman(0)/m/n/12 and \TU/lmtt/m/n
/12 stormcast/

Underfull \vbox (badness 10000) has occurred while \output is active [97]
Underfull \vbox (badness 10000) has occurred while \output is active [98]
Overfull \hbox (46.77966pt too wide) in paragraph at lines 62--63
[]\TU/TimesNewRoman(0)/m/n/12 Hyperparameters copied from \TU/lmtt/m/n/12 storm
cast/ config/ model/ meanflow.yaml \TU/TimesNewRoman(0)/m/n/12 and \TU/lmtt/m/n
/12 stormcast/

Overfull \hbox (4.4379pt too wide) in paragraph at lines 62--63
\TU/lmtt/m/n/12 config/ training/ meanflow.yaml\TU/TimesNewRoman(0)/m/n/12 . Ev
erything shared with FlowCast (optimiser, sched-

Overfull \hbox (20.57216pt too wide) in paragraph at lines 62--63
\TU/TimesNewRoman(0)/m/n/12 ule, conditioning, backbone, channel/ spectral weig
hts, EMA) is kept |   [] so the FlowCast-

Underfull \vbox (badness 10000) has occurred while \output is active [99]
Underfull \vbox (badness 10000) has occurred while \output is active [100]
Underfull \vbox (badness 10000) has occurred while \output is active [101]
Overfull \hbox (338.22983pt too wide) in paragraph at lines 99--108
 [] 
) (./back/appendix02.tex [102]
Overfull \hbox (18.91425pt too wide) in paragraph at lines 8--10
[]\TU/TimesNewRoman(0)/m/n/12 The full training and evaluation code for this th
esis lives in the \TU/lmtt/m/n/12 Stormcast- Distilation

Overfull \hbox (1.38506pt too wide) in paragraph at lines 11--12
[]\TU/lmtt/m/n/12 stormcast/ train_flowcast.py \TU/TimesNewRoman(0)/m/n/12 — Fl
owCast (Conditional Flow Matching) train-
[103]
Overfull \hbox (52.99176pt too wide) in paragraph at lines 16--17
[]\TU/lmtt/m/n/12 stormcast/ utils/ flowcast_precond.py \TU/TimesNewRoman(0)/m/
n/12 / \TU/lmtt/m/n/12 meanflow_precond.py \TU/TimesNewRoman(0)/m/n/12 — \TU/lm
tt/m/n/12 FlowCastPrecond

Overfull \hbox (158.88866pt too wide) in paragraph at lines 17--18
[]\TU/lmtt/m/n/12 stormcast/ utils/ nn.py \TU/TimesNewRoman(0)/m/n/12 — \TU/lmt
t/m/n/12 get_preconditioned_architecture\TU/TimesNewRoman(0)/m/n/12 , \TU/lmtt/
m/n/12 build_network_condition_and_target\TU/TimesNewRoman(0)/m/n/12 ,

Overfull \hbox (115.6378pt too wide) in paragraph at lines 17--18
\TU/TimesNewRoman(0)/m/n/12 and the samplers \TU/lmtt/m/n/12 diffusion_model_fo
rward \TU/TimesNewRoman(0)/m/n/12 / \TU/lmtt/m/n/12 flowcast_model_forward \TU/
TimesNewRoman(0)/m/n/12 / \TU/lmtt/m/n/12 meanflow_model_forward\TU/TimesNewRom
an(0)/m/n/12 . 

Overfull \hbox (24.63173pt too wide) in paragraph at lines 21--22
[]\TU/lmtt/m/n/12 experiment_scripts/ make_thesis_figures.py \TU/TimesNewRoman(
0)/m/n/12 / \TU/lmtt/m/n/12 make_thesis_qualitative.sh
[104] [105]
Overfull \hbox (1.55957pt too wide) in paragraph at lines 75--76
[] [] \TU/TimesNewRoman(0)/b/n/12 Auto-resume.[] \TU/TimesNewRoman(0)/m/n/12 Re
-running the same command picks up from the latest checkpoint; Flow-

Overfull \hbox (49.20714pt too wide) in paragraph at lines 75--76
\TU/TimesNewRoman(0)/m/n/12 Cast and MeanFlow restore both \TU/lmtt/m/n/12 chec
kpoints_{flowcast,meanflow}/ checkpoint_latest.pt

Underfull \vbox (badness 1072) has occurred while \output is active [106]
Overfull \hbox (31.52353pt too wide) in paragraph at lines 77--78
[] [] \TU/TimesNewRoman(0)/b/n/12 Head-to-head evaluation.[] \TU/TimesNewRoman(
0)/m/n/12 The scoreboard, per-threshold, FSS, CRPS, rollout, and qualitative-

Overfull \hbox (51.16507pt too wide) in paragraph at lines 81--82
\TU/TimesNewRoman(0)/m/n/12 which runs \TU/lmtt/m/n/12 compare_diffusion_vs_flo
wcast.py \TU/TimesNewRoman(0)/m/n/12 (with the MeanFlow leg at \TU/lmtt/m/n/12 
MEANFLOW_NFES="1
[107]) (./back/appendix03.tex [108]
Underfull \vbox (badness 10000) has occurred while \output is active [109]

Package hyperref Warning: Token not allowed in a PDF string (Unicode):
(hyperref)                removing `math shift' on input line 42.


Package hyperref Warning: Token not allowed in a PDF string (Unicode):
(hyperref)                removing `subscript' on input line 42.


Package hyperref Warning: Token not allowed in a PDF string (Unicode):
(hyperref)                removing `\mid' on input line 42.


Package hyperref Warning: Token not allowed in a PDF string (Unicode):
(hyperref)                removing `subscript' on input line 42.


Package hyperref Warning: Token not allowed in a PDF string (Unicode):
(hyperref)                removing `subscript' on input line 42.


Package hyperref Warning: Token not allowed in a PDF string (Unicode):
(hyperref)                removing `math shift' on input line 42.


Underfull \vbox (badness 10000) has occurred while \output is active [110]
Underfull \vbox (badness 10000) has occurred while \output is active [111]
Overfull \hbox (89.56038pt too wide) detected at line 100
\OMS/cmsy/m/n/12 ^^@ [] \OML/cmm/m/it/12 p[]\OT1/cmr/m/n/12 (\OML/cmm/m/it/12 x
[]\OT1/cmr/m/n/12 ) \OMS/cmsy/m/n/12 ^^T \U/msb/m/n/12 E[] [] [] \OT1/cmr/m/n/1
2 + [] [] \OMS/cmsy/m/n/12 ^^@ [] []\OML/cmm/m/it/12 ;

Underfull \vbox (badness 10000) has occurred while \output is active [112]

Package hyperref Warning: Token not allowed in a PDF string (Unicode):
(hyperref)                removing `math shift' on input line 110.


Package hyperref Warning: Token not allowed in a PDF string (Unicode):
(hyperref)                removing `\epsilon' on input line 110.


Package hyperref Warning: Token not allowed in a PDF string (Unicode):
(hyperref)                removing `math shift' on input line 110.


Overfull \hbox (9.58148pt too wide) in paragraph at lines 115--116
[] [] \TU/TimesNewRoman(0)/b/n/12 KL between two Gaussians with matched covaria
nce.[] \TU/TimesNewRoman(0)/m/n/12 For two Gaussians $\OML/cmm/m/it/12 p \OT1/c
mr/m/n/12 = \OMS/cmsy/m/n/12 N\OT1/cmr/m/n/12 (\OML/cmm/m/it/12 ^^V[]; \OT1/cmr
/m/n/12 ^^F)$

Overfull \hbox (25.76791pt too wide) in paragraph at lines 125--126
[] [] \TU/TimesNewRoman(0)/b/n/12 Reparameterisation in $\OML/cmm/m/it/12 ^^O$\
TU/TimesNewRoman(0)/b/n/12 .[] \TU/TimesNewRoman(0)/m/n/12 From $\OML/cmm/m/it/
12 x[] \OT1/cmr/m/n/12 = []\OML/cmm/m/it/12 x[] \OT1/cmr/m/n/12 + []\OML/cmm/m/
it/12 ^^O$ \TU/TimesNewRoman(0)/m/n/12 we have $\OML/cmm/m/it/12 x[] \OT1/cmr/m
/n/12 = (\OML/cmm/m/it/12 x[] \OMS/cmsy/m/n/12 ^^@ []\OML/cmm/m/it/12 ^^O\OT1/c
mr/m/n/12 )/[]$\TU/TimesNewRoman(0)/m/n/12 .
[113]
Overfull \hbox (30.42943pt too wide) in paragraph at lines 137--139
\TU/TimesNewRoman(0)/m/n/12 Ho et al. [][][] report that dropping the $\OML/cmm
/m/it/12 t$\TU/TimesNewRoman(0)/m/n/12 -dependent prefactor and averaging over 
$\OML/cmm/m/it/12 t \OMS/cmsy/m/n/12 ^^X U\OT1/cmr/m/n/12 (\OMS/cmsy/m/n/12 f\O
T1/cmr/m/n/12 1\OML/cmm/m/it/12 ; [] ; T\OMS/cmsy/m/n/12 g\OT1/cmr/m/n/12 )$
[114]
Overfull \hbox (43.52554pt too wide) in paragraph at lines 156--157
[]\TU/TimesNewRoman(0)/m/n/12 Let $\OML/cmm/m/it/12 x[] \OMS/cmsy/m/n/12 ^^X \O
ML/cmm/m/it/12 p[]$ \TU/TimesNewRoman(0)/m/n/12 and $\OML/cmm/m/it/12 x \OT1/cm
r/m/n/12 = \OML/cmm/m/it/12 x[] \OT1/cmr/m/n/12 + \OML/cmm/m/it/12 ^^[^^O$ \TU/
TimesNewRoman(0)/m/n/12 with $\OML/cmm/m/it/12 ^^O \OMS/cmsy/m/n/12 ^^X N\OT1/c
mr/m/n/12 (0\OML/cmm/m/it/12 ; I\OT1/cmr/m/n/12 )$\TU/TimesNewRoman(0)/m/n/12 .
 Write $\OML/cmm/m/it/12 p[]\OT1/cmr/m/n/12 (\OML/cmm/m/it/12 x\OT1/cmr/m/n/12 
) = [] \OML/cmm/m/it/12 p[]\OT1/cmr/m/n/12 (\OML/cmm/m/it/12 x[]\OT1/cmr/m/n/12
 ) \OMS/cmsy/m/n/12 N\OT1/cmr/m/n/12 (\OML/cmm/m/it/12 x\OT1/cmr/m/n/12 ; \OML/
cmm/m/it/12 x[]; ^^[[]I\OT1/cmr/m/n/12 ) \OML/cmm/m/it/12 dx[]$\TU/TimesNewRoma
n(0)/m/n/12 .

Overfull \hbox (22.38525pt too wide) in paragraph at lines 168--170
|   []   |   [] \TU/TimesNewRoman(0)/m/n/12 are equivalent as learning objectiv
es: fitting $\OML/cmm/m/it/12 D[]$ \TU/TimesNewRoman(0)/m/n/12 to minimise $\U/
msb/m/n/12 E\OMS/cmsy/m/n/12 k\OML/cmm/m/it/12 D[]\OT1/cmr/m/n/12 (\OML/cmm/m/i
t/12 x\OT1/cmr/m/n/12 ; \OML/cmm/m/it/12 ^^[\OT1/cmr/m/n/12 ) \OMS/cmsy/m/n/12 
^^@
[115]
Underfull \vbox (badness 10000) has occurred while \output is active [116]
Underfull \vbox (badness 10000) has occurred while \output is active [117]

Package hyperref Warning: Token not allowed in a PDF string (Unicode):
(hyperref)                removing `math shift' on input line 238.


Package hyperref Warning: Token not allowed in a PDF string (Unicode):
(hyperref)                removing `\epsilon' on input line 238.


Package hyperref Warning: Token not allowed in a PDF string (Unicode):
(hyperref)                removing `math shift' on input line 238.


Package hyperref Warning: Token not allowed in a PDF string (Unicode):
(hyperref)                removing `math shift' on input line 238.


Package hyperref Warning: Token not allowed in a PDF string (Unicode):
(hyperref)                removing `subscript' on input line 238.


Package hyperref Warning: Token not allowed in a PDF string (Unicode):
(hyperref)                removing `math shift' on input line 238.


Package hyperref Warning: Token not allowed in a PDF string (Unicode):
(hyperref)                removing `math shift' on input line 238.


Package hyperref Warning: Token not allowed in a PDF string (Unicode):
(hyperref)                removing `math shift' on input line 238.


Underfull \vbox (badness 10000) has occurred while \output is active [118]
Underfull \vbox (badness 5460) has occurred while \output is active [119]
Underfull \vbox (badness 10000) has occurred while \output is active [120]

Package hyperref Warning: Token not allowed in a PDF string (Unicode):
(hyperref)                removing `math shift' on input line 313.


Package hyperref Warning: Token not allowed in a PDF string (Unicode):
(hyperref)                removing `\rho' on input line 313.


Package hyperref Warning: Token not allowed in a PDF string (Unicode):
(hyperref)                removing `math shift' on input line 313.


Underfull \vbox (badness 10000) has occurred while \output is active [121]

Package hyperref Warning: Token not allowed in a PDF string (Unicode):
(hyperref)                removing `math shift' on input line 323.


Package hyperref Warning: Token not allowed in a PDF string (Unicode):
(hyperref)                removing `math shift' on input line 323.


Underfull \vbox (badness 10000) has occurred while \output is active [122]
Underfull \vbox (badness 2846) has occurred while \output is active [123]
[124]
Overfull \hbox (6.92444pt too wide) in paragraph at lines 382--383
[]\TU/TimesNewRoman(0)/b/n/12 Condition bundle. $\OML/cmm/m/it/12 v[]$ \TU/Time
sNewRoman(0)/m/n/12 is conditioned on $\OML/cmm/m/it/12 c[] \OT1/cmr/m/n/12 = [
](\OML/cmm/m/it/12 X[]; M[]; I\OT1/cmr/m/n/12 )$ \TU/TimesNewRoman(0)/m/n/12 (t
he low-resolution
[125]) [126] (./main.aux)

LaTeX Font Warning: Size substitutions with differences
(Font)              up to 1.28pt have occurred.

 )
(see the transcript file for additional information)
Output written on main.xdv (151 pages, 2243492 bytes).
Transcript written on main.log.
Latexmk: Getting log file 'main.log'
Latexmk: Examining 'main.fls'
Latexmk: Examining 'main.log'
Latexmk: Found input bbl file 'main.bbl'
Latexmk: Log file says output to 'main.xdv'
Latexmk: Found bibliography file(s):
  ./back/references.bib
Latexmk: applying rule 'xdvipdfmx'...
Rule 'xdvipdfmx':  Reasons for rerun
Changed files or newly in use/created:
  main.xdv
Category 'changed_source_rules':
  xelatex
Category 'no_dest':
  xdvipdfmx

------------
Run number 1 of rule 'xdvipdfmx'
------------
------------
Running 'xdvipdfmx -E -o "main.pdf"  "main.xdv"'
------------
main.xdv -> main.pdf
[1][2][3][4][5][6][7][8][9][10][11][12][13][14][15][16][17][18][19][20][21][22][23][24][25][26
xdvipdfmx:warning: Object @page.1 already defined.
][27][28][29][30][31][32][33][34][35][36][37][38][39][40][41][42][43][44][45][46][47][48][49][50][51][52][53][54][55][56][57][58][59][60][61][62][63][64][65][66][67][68][69][70][71][72][73][74][75][76][77][78][79][80][81][82][83][84][85][86][87][88][89][90][91][92][93][94][95][96][97][98][99][100][101][102][103][104][105][106][107][108][109][110][111][112][113][114][115][116][117][118][119][120][121][122
xdvipdfmx:warning: Object @section.5.1 already defined.
][123
xdvipdfmx:warning: Object @section.5.2 already defined.
][124][125
xdvipdfmx:warning: Object @section.5.3 already defined.
][126][127
xdvipdfmx:warning: Object @section.5.4 already defined.
][128
xdvipdfmx:warning: Object @section.5.1 already defined.
][129
xdvipdfmx:warning: Object @section.5.2 already defined.
][130
xdvipdfmx:warning: Object @section.5.3 already defined.
][131][132][133][134
xdvipdfmx:warning: Object @section.5.1 already defined.
][135][136
xdvipdfmx:warning: Object @section.5.2 already defined.
][137
xdvipdfmx:warning: Object @section.5.3 already defined.
][138
xdvipdfmx:warning: Object @section.5.4 already defined.
][139][140
xdvipdfmx:warning: Object @section.5.5 already defined.
][141][142][143][144][145][146][147][148][149][150][151]
6797124 bytes written
Latexmk: All targets (main.xdv main.pdf) are up-to-date

